id,title,category,subcategory,lab_type,risk_level,hazard_types,scenario,question,answer,steps,ppe,forbidden,disposal,first_aid,emergency,legal_notes,references,source_type,source_title,source_org,source_version,source_date,source_url,last_updated,reviewer,status,tags,language
KB-1001,实验室安全-通风柜使用,化学,通风柜,化学,2,挥发性;刺激性,处理挥发性或有毒溶剂,通风柜什么时候必须开启？,处理挥发性、刺激性或有毒溶剂时必须开启通风柜，操作时保持前窗在安全刻度内并确认风速报警正常。,检查风速与报警状态;前窗降至安全刻度;在柜内操作;结束后延迟关闭,护目镜;实验服;手套,禁止将头部伸入柜内;禁止在柜内长期存放大量化学品,按MSDS分类收集,如吸入不适，移至通风处并就医,发生大量泄漏按应急预案处理,遵守实验室安全管理制度,SOP-通风柜使用（待补充）,SOP,通风柜使用规范（待补充）,实验室管理处,待补充,2026-03-11,,2026-03-11,,draft,通风柜;溶剂,zh-CN
KB-1002,危化品-乙醇储存,危化品,储存,化学,3,易燃,乙醇存放与使用,乙醇应如何储存？,乙醇应存放于防火安全柜内，远离热源与明火，容器密闭并贴有清晰标签。,检查容器密封;放入防火柜;远离点火源;标识清楚,护目镜;实验服;手套,禁止靠近明火;禁止与强氧化剂混放,有机废液桶;禁止下水道,溅入眼睛立即冲洗并就医,火情按应急预案处理,遵循危化品管理规定,MSDS-乙醇（待补充）,MSDS,乙醇MSDS（待补充）,供应商,待补充,2026-03-20,,2026-03-11,,pending_review,乙醇;易燃,zh-CN
KB-1003,废液处置-有机溶剂,化学,废液处置,化学,3,有机溶剂,有机溶剂废液处理,有机溶剂废液怎么处理？,有机溶剂废液应分类收集于有机废液桶，严禁倒入下水道。,确认废液类型;分类收集;按制度交由危废处置,护目镜;实验服;手套,禁止倒入水槽/下水道,有机废液桶,皮肤接触立即清洗,泄漏按应急预案处理,遵守危废管理制度,危废处置流程（待补充）,制度,危废处置制度（待补充）,实验室管理处,待补充,2026-03-11,,2026-03-11,,draft,废液;危废,zh-CN
KB-1004,危险混合-盐酸与漂白水,化学,危险混合,化学,5,有毒气体,危险混合,盐酸和漂白水能混吗？,禁止混合，可能产生有毒气体或剧烈反应。如已混合请立即停止操作并按应急预案处理。,,护目镜;实验服;手套,禁止混合,按危废分类处理,如吸入不适立即移至通风处并就医,按应急预案处理并联系管理人员,遵守实验室安全管理制度,危化品安全制度（待补充）,制度,危化品管理制度（待补充）,实验室管理处,待补充,2026-03-20,,2026-03-11,,pending_review,混合禁忌;盐酸;漂白水,zh-CN
KB-1005,明火禁忌-乙醚,化学,明火禁忌,化学,4,易燃;挥发性,易燃溶剂加热,能用酒精灯加热乙醚吗？,禁止明火加热乙醚。易燃溶剂应使用水浴或电热等安全方式，并在通风条件下操作。,,护目镜;实验服;手套,禁止明火加热,有机废液桶,如吸入不适立即移至通风处,发生火情按应急预案处理,遵守实验室安全管理制度,SOP-易燃溶剂操作（待补充）,SOP,易燃溶剂操作规范（待补充）,实验室管理处,待补充,2026-03-20,,2026-03-11,,pending_review,易燃;明火,zh-CN
KB-1006,应急-酸液洒漏,化学,泄漏应急,化学,4,腐蚀性,酸液洒漏,酸液洒了怎么处理？,立即隔离现场，佩戴必要PPE，在安全前提下进行通风并使用合适的泄漏应急物资处理，及时报告实验室管理人员。,隔离区域并提醒他人;佩戴PPE;按应急预案处理;报告管理人员,护目镜;防酸手套;实验服,禁止徒手处理;禁止继续实验,按危废流程处置,皮肤接触立即冲洗,启动化学品泄漏应急预案,遵守应急预案,实验室应急预案（待补充）,应急预案,实验室应急预案（待补充）,实验室管理处,待补充,2026-03-20,,2026-03-11,,pending_review,泄漏;酸液,zh-CN
KB-1007,应急-浓酸溅手,化学,灼伤应急,化学,4,腐蚀性,浓酸溅到皮肤,浓酸溅到手上怎么办？,立即用大量清水持续冲洗，尽快脱去被污染的手套/衣物，并联系实验室管理人员或就医。,停止实验;大量清水冲洗;脱去污染物;就医/报告,护目镜;防酸手套;实验服,禁止用不明药剂直接中和,污染物按危废处理,持续冲洗并就医,按应急预案处理并报告,遵守应急预案,实验室应急预案（待补充）,应急预案,化学灼伤应急流程（待补充）,实验室管理处,待补充,2026-03-20,,2026-03-11,,pending_review,灼伤;浓酸,zh-CN
KB-1008,PPE-配制溶液,化学,个人防护,化学,2,化学接触,配制溶液,做配制溶液需要哪些PPE？,一般应佩戴护目镜、实验服和合适的防化手套；若有挥发性溶剂需在通风柜内操作。,,护目镜;实验服;手套,禁止省略PPE,,皮肤接触及时清洗,按应急预案处理,遵守实验室安全管理制度,PPE规范（待补充）,制度,PPE佩戴规范（待补充）,实验室管理处,待补充,2026-03-11,,2026-03-11,,draft,PPE;防护,zh-CN
KB-1009,压缩气体-气瓶固定,化学,气瓶管理,化学,4,高压气体,气瓶存放,气瓶如何固定？,气瓶应使用链条或支架固定，远离热源并佩戴瓶帽；搬运与存放需符合规范。,使用链条/支架固定;远离热源;保持直立并佩戴瓶帽,手套;安全鞋,禁止倾倒;禁止靠近热源,,发生倒瓶或泄漏按应急预案处理,气体泄漏立即撤离并报告,遵守气瓶管理制度,气瓶管理制度（待补充）,制度,气瓶管理制度（待补充）,实验室管理处,待补充,2026-03-11,,2026-03-11,,draft,气瓶;高压,zh-CN
KB-1010,危废-过期试剂处理,化学,危废处置,化学,3,危废,过期试剂,过期试剂能直接倒掉吗？,不能。过期试剂应按危废分类收集并移交合规处置。,确认类别;密闭标识;交由危废处置,护目镜;实验服;手套,禁止倒入下水道;禁止随意丢弃,危废桶/危废间,接触后及时清洗,泄漏按应急预案处理,遵守危废管理制度,危废处置制度（待补充）,制度,危废处置制度（待补充）,实验室管理处,待补充,2026-03-11,,2026-03-11,,draft,危废;过期试剂,zh-CN
KB-1011,电气-高压电源上电,电气,设备操作,电气,4,高压,高压电源启用,高压电源如何上电？,上电前应检查接地与绝缘，确认电缆与负载连接正确，按SOP进行双人确认后再上电。,检查接地与绝缘;确认连接与量程;按SOP双人确认;逐步上电,绝缘手套;护目镜,禁止带电插拔;禁止湿手操作,,触电按应急预案处理,触电或短路立即断电并报告,遵守电气安全规范,高压设备SOP（待补充）,SOP,高压设备操作SOP（待补充）,实验室管理处,待补充,2026-03-11,,2026-03-11,,draft,高压;电气,zh-CN
KB-1012,应急-触电处置,电气,触电应急,电气,5,触电,触电事故,有人触电了怎么办？,先断电并确保自身安全，再进行隔离与呼救，必要时实施急救并联系医疗或报警。,先断电;用绝缘物隔离;呼叫急救;按应急预案处理,绝缘手套,禁止直接接触触电者,,必要时心肺复苏并就医,立即报告并启动应急预案,遵守应急预案,电气应急预案（待补充）,应急预案,触电应急预案（待补充）,实验室管理处,待补充,2026-03-20,,2026-03-11,,pending_review,触电;应急,zh-CN
KB-1013,电气-示波器检查,电气,设备检查,电气,3,电气,示波器使用前检查,示波器使用前需要检查什么？,检查电源与接地、探头完好和量程设置，确认被测对象安全后再连接。,检查接地;检查探头;确认量程;再连接被测对象,护目镜,禁止带电插拔,,触电按应急预案处理,短路立即断电并报告,遵守设备使用SOP,示波器使用SOP（待补充）,SOP,示波器使用SOP（待补充）,实验室管理处,待补充,2026-03-11,,2026-03-11,,draft,示波器;设备,zh-CN
KB-1014,电气-湿手插电禁忌,电气,违规操作,电气,4,触电,湿手操作电源,可以用湿手插电吗？,不可以。湿手操作电源有触电风险，应确保手部干燥并按规范操作。,,,禁止湿手插拔电源,,触电按应急预案处理,触电立即断电并报警,遵守电气安全规范,电气安全制度（待补充）,制度,电气安全制度（待补充）,实验室管理处,待补充,2026-03-11,,2026-03-11,,draft,触电;违规,zh-CN
KB-1015,应急-锂电池起火,电气,电池安全,电气,4,火灾,锂电池起火,锂电池起火怎么办？,立即停止实验并断电，隔离现场，在确保安全且受过培训的前提下使用合适灭火器或干砂处理，无法控制立即撤离并报警。,停止实验并断电;隔离现场;按应急预案处置;报警/撤离,护目镜;手套,禁止用水直接喷淋不明电气火源,按危废处理烧毁电池,吸入烟雾不适及时就医,启动火灾应急预案,遵守应急预案,火灾应急预案（待补充）,应急预案,火灾应急预案（待补充）,实验室管理处,待补充,2026-03-20,,2026-03-11,,pending_review,电池;火灾,zh-CN
KB-1016,生物-培养废液处理,生物,废液处置,生物,4,生物污染,细菌培养废液,细菌培养废液怎么处理？,需按生物安全SOP进行灭活处理后再按生物危废流程处置。,按SOP灭活;分类收集;交由危废处置,手套;口罩;护目镜,禁止直接倒入下水道,生物危废桶,污染接触及时清洗并报告,泄漏按生物安全应急预案处理,遵守生物安全管理制度,生物安全SOP（待补充）,SOP,生物安全SOP（待补充）,实验室管理处,待补充,2026-03-11,,2026-03-11,,draft,生物;废液,zh-CN
KB-1017,生物-操作防护,生物,个人防护,生物,4,感染,生物样品操作,操作前需要做哪些防护？,按生物安全等级要求佩戴手套、口罩、护目镜，并在生物安全柜内操作。,确认生物安全等级;佩戴PPE;在生物安全柜内操作,手套;口罩;护目镜;实验服,禁止在柜外进行高风险操作,按生物危废流程,暴露后立即报告并就医,按生物安全应急预案处理,遵守生物安全管理制度,生物安全规范（待补充）,制度,生物安全管理制度（待补充）,实验室管理处,待补充,2026-03-20,,2026-03-11,,pending_review,生物安全;PPE,zh-CN
KB-1018,应急-实验室着火,通用,消防应急,通用,4,火灾,实验室起火,实验室着火怎么办？,立即停止实验并切断电源/气源；小火在确保安全的前提下使用灭火器，无法控制时立即撤离并报警。,停止实验;切断电源/气源;使用灭火器或撤离报警,,禁止冒险扑救,,吸入烟雾不适及时就医,启动消防应急预案,遵守应急预案,消防应急预案（待补充）,应急预案,消防应急预案（待补充）,实验室管理处,待补充,2026-03-20,,2026-03-11,,pending_review,火灾;消防,zh-CN
KB-1019,通用-化学品标签,通用,标识管理,通用,2,管理,化学品标签,化学品标签需要包含什么？,标签应包含名称、浓度、危险性、配制日期和责任人等关键信息。,,,禁止无标签存放,,,,遵守标识管理制度,标识管理制度（待补充）,制度,标识管理制度（待补充）,实验室管理处,待补充,2026-03-11,,2026-03-11,,draft,标签;标识,zh-CN
KB-1020,通用-实验室培训,通用,培训,通用,1,管理,新入实验室,新入实验室要完成哪些培训？,应完成安全培训与考核，关键设备需通过上岗培训后方可操作。,参加培训;通过考核;设备上岗,,禁止未培训上岗,,,,遵守培训制度,培训管理制度（待补充）,制度,培训管理制度（待补充）,实验室管理处,待补充,2026-03-11,,2026-03-11,,draft,培训;管理,zh-CN
KB-1021,通用-危险意图拒答,通用,安全合规,通用,5,违法,危险意图,怎么制造易燃爆炸物？,该问题涉及高风险或违法行为，无法提供帮助。请遵循法律法规与安全规范。,,,禁止寻求或提供违法危险操作,,,,遵守法律法规与安全规范,安全合规政策（待补充）,制度,安全合规政策（待补充）,实验室管理处,待补充,2026-03-11,,2026-03-11,,draft,合规;拒答,zh-CN
KB-1022,废弃物-有机溶剂下水道,化学,废液处置,化学,3,危废,有机溶剂废液,有机溶剂能直接倒入水槽吗？,不能，应按危废分类收集；如不确定请提供具体试剂以便判断。,确认试剂;分类收集;交由危废处置,护目镜;实验服;手套,禁止倒入水槽/下水道,有机废液桶,接触后及时清洗,泄漏按应急预案处理,遵守危废管理制度,危废处置制度（待补充）,制度,危废处置制度（待补充）,实验室管理处,待补充,2026-03-11,,2026-03-11,,draft,废液;下水道,zh-CN
KB-1023,化学-配酸顺序,化学,操作规范,化学,3,飞溅,配制酸溶液,配酸时先加水还是先加酸？,一般应先加水后加酸，避免飞溅和放热风险；操作时佩戴PPE并遵循SOP。,先加水;缓慢加入酸;搅拌并控温,护目镜;实验服;手套,禁止将水倒入浓酸,按危废分类,溅到皮肤立即冲洗,按应急预案处理,遵守SOP,配酸SOP（待补充）,SOP,配酸SOP（待补充）,实验室管理处,待补充,2026-03-11,,2026-03-11,,draft,配酸;操作,zh-CN
KB-1024,危险混合-过氧化氢与有机溶剂,化学,危险混合,化学,4,爆炸;强氧化,过氧化氢混合,过氧化氢能和有机溶剂混合吗？,禁止混合，可能产生剧烈反应或爆炸风险。,,护目镜;实验服;手套,禁止混合,按危废分类,暴露后及时就医,按应急预案处理,遵守危化品管理规定,MSDS-过氧化氢（待补充）,MSDS,过氧化氢MSDS（待补充）,供应商,待补充,2026-03-20,,2026-03-11,,pending_review,过氧化氢;混合禁忌,zh-CN
KB-1025,通用-访问控制,通用,访问管理,通用,1,管理,非本实验室人员进入,非本实验室人员能随便进入吗？,不能。外来人员进入需审批并登记，遵守实验室访问管理要求。,审批;登记;在管理人员陪同下进入,,禁止无审批进入,,,,遵守访问管理制度,访问管理制度（待补充）,制度,访问管理制度（待补充）,实验室管理处,待补充,2026-03-11,,2026-03-11,,draft,访问控制;管理,zh-CN
WEB-001-001,实验室安全的基本要求,通用,基本要求,通用,3,综合安全,实验室的基本安全要求有哪些,实验室的基本安全要求有哪些,"2021年09月29日 09:13
）凡是进入实验室工作的人员均要参加实验室的安全培训，新进实验室人
员必须安全考试合格后方可从事实验室工作。
）要指定人员负责实验室的日常安全工作。严格遵守国家和学校的有关规
定，并根据实验室特点制订具体的安全管理制度，张贴或悬挂在醒目处，严格执
行。有危险性的场所、设备、设施、物品及技术操作要有警示标识。
）不得乱拉电线及私自使用电热器，禁止超负荷用电，确保安全用电。严
禁在实验室内用煤气、电炉烹调食物、热饭菜、取暖。下班离室前，应切断或关
闭水、电、煤气及其它可燃气体阀门，并关好门窗。
）要有仪器设备使用的管理制度、操作规程及注意事项等，仪器设备操作
人员要先经过培训，并按要求进行操作和使用仪器设备。对于特殊岗位和特种设
备操作者，须经过相应的培训，持证上岗。
）剧毒、易制毒、易制爆等危险化学品和放射性同位素及射线装置必须严
格按国家和学校的有关规定管理，在领取、保管使用以及废弃物处理等环节要有
完整的记录，并定期核对，做到帐物相符。
）放置危险品的场所要加强安保工作，要根据危险品的性质采取适当的安
全防护措施，实验室工作人员要按规范操作并做好个人防护。
）产生的废弃物要按有关要求进行分类，并按规定分别进行处理。
）消防器材要放在明显和便于取用的位置，周围不得堆放杂物，注意经常
检查并及时更换，不准随意移动或损坏室内消防器材。实验室周围的走廊过道等，
不准堆放物品，必须保持畅通。
10
）发现安全隐患或发生安全事故及时采取适当措施，并报告实验室负责人。
11
）各实验室一旦发生安全事故，要保持镇定，确定发生事故类型，及时拨
打相应的报警电话，并立即向学院、学校保卫处和实验室与基地建设管理处报告。致电求助
时应说明：①事故地点；②事故性质和严重程度；③你的姓名、位置及联系电话。
重要电话号码：①火警电话：
119
；②报警电话：
110
；③医疗急救：
120
最新更新
2023-2024 学年第一学期林草学院、水土保持学 院实验室安全检查报告（第 18 周）
2023-2024 学年第一学期林草学院、水土保持学院实 验室安全检查报告（第 14 周）
2023-2024 学年上学期林草学院危化品专项安全检查报告 （2023 年 11 月 2 日）
2023-2024 学年第一学期林草学院、水土保持学院实验室安全检查报告（第 9 周）
2023-2024 学年第一学期林草学院、水土保持学院实验室安全检查报告（第 4 周）
林学院实验室重要危险源的风险评估及应急预案
危化品手册
林学院实验室安全管理制度
风险排查，杜绝安全隐患--林学院召开新学期实验室安全管理工作会议
森林保护系举行2021年秋季实验室安全培训",,,,,,,基于公开网页资料自动抽取，导入知识库前请人工复核。,实验室安全的基本要求 | https://linxue.njfu.edu.cn/aqgz/sysaq/20210929/i230277.html,网页,实验室安全的基本要求,南京林业大学林草水保学院,,2021年09月29日,https://linxue.njfu.edu.cn/aqgz/sysaq/20210929/i230277.html,2026-03-15,,approved,实验室安全;基本要求;高校,zh-CN
WEB-002-001,实验室一般安全规范,通用,安全规范,通用,3,综合安全,实验室一般安全规范包括哪些内容,实验室一般安全规范包括哪些内容,"1.
得先熟悉实验的环境，察看紧急冲洗站、洗眼站、灭火器、急救箱及安全梯等的位置，牢记『安全』是进行任何实验最重要的考虑。
2.
在实验室内请穿着实验衣（最好长及膝盖下），避免穿着凉鞋、拖鞋（脚趾不要裸露），配戴眼镜或安全护目镜。留有长发者，戴帽套将头发卷入套内，或以橡皮圈束于后，以防止引火危险或污染实验。
3.
在实验室内禁止吸烟、吃东西、饮食、化妆、嚼口香糖、嬉戏奔跑，食物饮料勿存放于实验室的冰箱中，实验桌上勿堆放书包、书籍、衣服外套及杂物等。
4.
所有实验仪器、耗材、药品等均属实验室所有，不得携出实验室外。每组分配之仪器、耗材请确定清点与保管，实验结束后需清点无误再缴回。工作区域的清理擦拭，并随时保持环境清洁。
5.
实验前详阅实验内容，了解实验细节的原理及操作，并注意实验室内之规范。实验进行中若有任何状况或疑问，可随时向助教请教，切勿私自变更实验程序。打翻任何药品试剂及器皿时，请随即清理。实验结束后，确实关闭不用之电源、水、酒精灯及瓦斯等。
6.
睡眠不足、精神不济或注意力无法集中，
请立即停止实验。实验时间若延长，请注意时间的管制及自身的安全，不可自行逗留实验室过夜。
7.
实验完毕，请清理实验室、倒垃圾、灭菌、关闭灯光及冷气，离开实验室前记得洗手。
8.
任何意外事件应立即报告实验室管理人员，并应熟知相关之应变措施。",,,,,,,基于公开网页资料自动抽取，导入知识库前请人工复核。,实验室一般安全规范 | https://eetc.qlu.edu.cn/2012/1207/c1403a25377/page.htm,网页,实验室一般安全规范,齐鲁工业大学电子电气与控制学部,,2026-03-15,https://eetc.qlu.edu.cn/2012/1207/c1403a25377/page.htm,2026-03-15,,approved,实验室安全;安全规范;高校,zh-CN
WEB-003-001,实验室安全守则,通用,安全守则,通用,3,综合安全,实验室安全守则有哪些关键要求,实验室安全守则有哪些关键要求,"实验室安全守则
1、安全测试合格的师生方可进入实验室。
2、严格按照规定使用各类实验室仪器设备。
3、凡做有毒、有恶臭气体的实验，应在通风橱内进行操作，要采取措施不让气体大量外泄。
4、严禁将食品带入实验室、严禁用实验烧杯饮水。
5、使用易燃试剂，一定要远离火源。
6、任何化学试剂不能入口，要注意防止有毒和腐蚀性的药品触及皮肤和衣服。
7、谨防触电，不用湿手接触电器。
8、实验结束后立即断水、断电，关闭门窗。
9、涉及液体时，切勿俯视容器，以防液滴造成事故。
10、加入气体时应采用“招气入鼻”法。
11、不能直接用手取化学药品。
12、实验室的上下水管道、电源、消防器材必须经常保持完好，以便随时启用。
13、注意防火，正确使用消防器材。",,,,,,,基于公开网页资料自动抽取，导入知识库前请人工复核。,实验室安全守则 | https://huihua.hebtu.edu.cn/s/zhuanti/page/8.html,网页,实验室安全守则,河北师范大学汇华学院,,2026-03-15,https://huihua.hebtu.edu.cn/s/zhuanti/page/8.html,2026-03-15,,approved,实验室安全;安全守则;高校,zh-CN
WEB-004-001,实验室化学品安全管理实施细则,化学,化学品管理,化学,4,危化品;储存,实验室化学品安全管理有哪些要求,实验室化学品安全管理有哪些要求,"扫描此二维码分享
中山大学实验室化学品安全管理实施细则
发布人：管理员
发布日期：2021-03-31
中山大学关于印发《中山大学实验室化学品
安全管理实施细则》的通知
校机关各部、处、室，各学院、直属系，各直属单位，各附属医院（单位），产业集团，各有关科研机构：
经研究决定，现印发《中山大学实验室化学品安全管理实施细则》，请遵照执行。
中山大学
2021
18
第一章
总则
第一条
为加强和规范我校实验室化学品的安全管理，预防和杜绝实验室在化学品的采购、运输、储存、使用和废弃物处置过程中可能存在的安全隐患或可能产生的安全事故，保证实验过程及实验室的安全，保障师生员工的生命和财产安全，保护校园环境和公共环境安全，根据《危险化学品安全管理条例》《易制毒化学品管理条例》《易制爆危险化学品治安管理办法》
《麻醉药品和精神药品管理条例》《医疗用毒性药品管理办法》《化学化工实验室安全管理规范》《中华人民共和国固体废弃物污染环境防治法》
和《广东省教育厅关于高等学校实验室安全建设与管理规定（修订）》
等国家、地方的相关法律、法规和标准
以及《中山大学实验室安全管理办法》等学校管理制度，结合学校实际，制定本细则。
第二条
本细则所指实验室化学品，包括实验室通过采购、自制或因科研合作、接受赠送等其他途径获得的各类化学品，以及实验活动产生的化学废弃物等。其中：
危险化学品（以下简称
危化品
），是指具有毒害、腐蚀、爆炸、燃烧、助燃等性质，对人体、设施、环境具有危害的剧毒化学品和其他化学品（包括钢瓶气体、国家管制的药品），其目录由政府部门制定和公布。
自制化学品，是指实验室合成或研制的各类中间体或中间产物、分离或纯化制得的各类对照品及化学品，以及未经国家相关部门认证的其他化学品。自制化学品包括本实验室自制以及本实验室接收的本校或校外其它实验室自制的化学品。
危险化学废弃物，是指被列入《国家危险废物名录》的，具有腐蚀性、毒性、易燃性、反应性或者感染性等一种或者几种危险特性，以及不排除具有危险特性，可能对环境或者人体健康造成有害影响，需要按照危险废物进行管理的化学废弃物，包括淘汰、伪劣、过期、失效的化学品和实验过程中产生的含有对人体健康和环境安全有害化学成分的废液体和废固体，以及化学废弃物的盛装容器和受其污染的包装物等。
第三条
本细则适用于学校范围内相关二级单位涉及化学品采购、运输、储存、使用和废弃物处置的实验室化学品安全管理工作，其中实验室和二级单位的界定参见《中山大学实验室安全管理办法》。
第二章
管理机构与职责
第四条
实验室化学品安全管理遵循学校、二级单位、实验室三级联动的实验室安全管理体系。",,,,,,,基于公开网页资料自动抽取，导入知识库前请人工复核。,实验室化学品安全管理实施细则 | https://sbc.sysu.edu.cn/article/670,网页,实验室化学品安全管理实施细则,中山大学设备与实验室管理处,,2021-03-31,https://sbc.sysu.edu.cn/article/670,2026-03-15,,approved,危化品;化学品管理;储存,zh-CN
WEB-004-002,实验室化学品安全管理实施细则（片段2）,化学,化学品管理,化学,4,危化品;储存,实验室化学品安全管理有哪些要求,实验室化学品安全管理有哪些要求,"化学品采购、运输、储存、使用和废弃物处置的实验室化学品安全管理工作，其中实验室和二级单位的界定参见《中山大学实验室安全管理办法》。
第二章
管理机构与职责
第四条
实验室化学品安全管理遵循学校、二级单位、实验室三级联动的实验室安全管理体系。
设备与实验室管理处是学校实验室化学品安全的归口管理部门，主要负责学校实验室化学品安全管理制度的制定和监督落实；负责国家规定须管制的危化品采购的校内审核和报批以及全校实验室化学品全生命周期的安全监管；统筹化学品安全相关实验室建设方案风险评估以及教育培训、准入考核、应急演练、安全检查和事故处置等的管理工作。
保卫处统筹对学校各二级单位一级和二级危化品的储存场所的资质进行校内审核，并协助二级单位接受公安部门对化学品储存场所的检查；负责对化学品的校内运输进行安全监管；负责指导、监督实验室的消防和治安防范。
其他相关职能部门按照《中山大学实验室安全管理办法》要求，在
相应职责范围内落实与化学品安全管理相关工作。
第五条
涉及实验室化学品实验活动的各二级单位是实验室化学品安全管理的主体责任单位。单位党政负责人是本单位实验室化学品安全
管理
的第一责任人。各二级单位负责组织本单位实验室落实国家、地方相关法律、法规和标准以及学校对化学品采购、运输、储存、废弃物处置等相关管理规定；组织制定本单位相关管理制度、操作规程和应急预案；组织本单位相关建设项目和实验项目的风险评估及申报，并落实相应风险防控措施；组织落实本单位化学品安全相关教育培训、准入考核、应急演练、安全检查、安全运输、消防治安和事故处置等工作。
第六条
各涉及化学品实验活动的实验室是本实验室化学品安全的直接责任单位，实验室负责人是本实验室化学品安全的直接责任人，应
严格按照学校实验室化学品分级管理要求做好本实验室化学品采购、接收、自制、运输、储存、使用及废弃处置全过程管理。实验室负责人的职责主要包括：
（一）严格按照规范途径采购化学品，并配备相应化学品安全技术说明书（
Safety Data Sheet
，英文简称
SDS
）和安全标签；
（二）严格按照实验室化学品存储要求保管本实验室所使用的危化品，落实实验室危险化学品管理台账和使用台账的建设，定期盘查实验室存放的化学品，及时清理并妥善处理过期或长期不用的化学品；
（三）针对本实验室涉及的危险源制订相应的安全管理规范和安全操作规程，保证危险化学品的安全管理和使用；
（四）落实本实验室涉及化学安全风险的实验室建设项目、改造项目以及实验活动项目的风险评估；
（五）根据本实验室实验活动的特点和安全要求，配置必备的安全设施和安全防护用具；
（六）对本实验室人员进行安全教育、培训和准入，确保相关人员熟悉所储存和使用的化学品的性质，并遵守相关安全规定；
（七）落实本实验室日常安全卫生值日与检查工作；",,,,,,,基于公开网页资料自动抽取，导入知识库前请人工复核。,实验室化学品安全管理实施细则 | https://sbc.sysu.edu.cn/article/670,网页,实验室化学品安全管理实施细则,中山大学设备与实验室管理处,,2021-03-31,https://sbc.sysu.edu.cn/article/670,2026-03-15,,approved,危化品;化学品管理;储存,zh-CN
WEB-004-003,实验室化学品安全管理实施细则（片段3）,化学,化学品管理,化学,4,危化品;储存,实验室化学品安全管理有哪些要求,实验室化学品安全管理有哪些要求,"（五）根据本实验室实验活动的特点和安全要求，配置必备的安全设施和安全防护用具；
（六）对本实验室人员进行安全教育、培训和准入，确保相关人员熟悉所储存和使用的化学品的性质，并遵守相关安全规定；
（七）落实本实验室日常安全卫生值日与检查工作；
（八）负责化学品安全相关安全隐患和安全突发事件的报告、警示和安全处置，配合学校或上级有关部门做好调查和处置工作；
（九）接受上级部门、学校或学院对实验室化学品安全管理工作的监督和指导。
第三章
危险化学品的采购
第七条
学校提倡开展微型化、无害化绿色实验。危险化学品的采购必须符合教学、科研工作实际需要，实验室应严格控制危险化学品的品种和用量，严禁超量购买和储备，并尽可能减少实验中的使用量。鼓励实验室之间进行危险化学品调拨，尽量避免重复购置和闲置浪费现象。
第八条
所有危险化学品应通过学校实验材料采购平台（以下简称
采购平台
）实施线上采购，确实必须采用线下方式采购的，需向设备与实验室管理处提出申请并在采购平台登记备案。其中：
（一）国家相关法律法规规定需要进行管制的危险化学品（含安全管制药品）（以下简称
管制类危险化学品
）必须经项目负责人、二级单位、设备与实验室管理处逐级审核并报政府相关部门审批，获得购买许可方可购买。
（二）各实验室应对存放的危险化学品总量进行控制。对于实验室存放危险化学品总量超过本细则第二十二条规定的，学校将予以限制采购。
（三）实验室采购危险化学品时，应索取技术说明书和安全标签（以下简称
一书一签
），严禁采购无一书一签的危险化学品。
第九条
严禁校内任何二级单位、实验室和个人向未取得危险化学品经营许可的供应商采购危险化学品；严禁未获购买许可私自购买管制类危险化学品；严禁向未取得管制类化学品经营许可的单位采购管制类危险化学品。
第十条
严禁未经报批报备私自从非采购途径获得化学品。实验室接受科研合作或其他单位赠送化学品（含自制化学品），应履行相应审批程序方可接受：如属管制类危险化学品，应经项目负责人、所在二级单位和设备与实验室管理处逐级审核并根据国家相关法规履行相关报批手续后方可接收；如属管制类危险化学品以外的其他危险化学品（含自制化学品），应经项目负责人审核，经所在二级单位备案或审批方可接收。
第十一条
化学品的运输和装卸必须按照国家有关规定执行，严禁违章作业，运输过程中须确保安全，对需单独运输的危化品，禁止混载；对不允许暴露运输的，运输过程中必须装入安全器具。
化学品在校园内的运输应严格执行《危险化学品管理条例》《
中山大学校园道路交通安全管理规定》，涉及使用机动车辆运输的，必须通过所在二级单位向保卫处预约报备。
第十二条
化学品到货后，实验室相关人员必须逐件检查化学品的名称、数量、包装和
，防止漏、丢、错等事件发生，确认完好后登记入库。
第十三条",,,,,,,基于公开网页资料自动抽取，导入知识库前请人工复核。,实验室化学品安全管理实施细则 | https://sbc.sysu.edu.cn/article/670,网页,实验室化学品安全管理实施细则,中山大学设备与实验室管理处,,2021-03-31,https://sbc.sysu.edu.cn/article/670,2026-03-15,,approved,危化品;化学品管理;储存,zh-CN
WEB-004-004,实验室化学品安全管理实施细则（片段4）,化学,化学品管理,化学,4,危化品;储存,实验室化学品安全管理有哪些要求,实验室化学品安全管理有哪些要求,"《
中山大学校园道路交通安全管理规定》，涉及使用机动车辆运输的，必须通过所在二级单位向保卫处预约报备。
第十二条
化学品到货后，实验室相关人员必须逐件检查化学品的名称、数量、包装和
，防止漏、丢、错等事件发生，确认完好后登记入库。
第十三条
对于保存良好且不影响使用的闲置化学品，实验室可进行校内调剂。其中，剧毒化学品等管制类化学品的调拨需填写《中山大学危险品（放射源除外）校内调拨登记表》，经所在二级单位和设备与实验室管理处批准方可实施调拨。非管制类化学品由转出及接收实验室所属二级单位负责人根据所涉及实验室的实验要求，对调配必要性和可行性进行审核。转出及接收实验室所在二级单位应监督实验室及时更新调拨后的化学品台帐，调剂完成后，调入实验室须严格按照有关规定保管、使用和处置调入的化学品。
第四章
化学品的分级管理
第十四条
学校
根据化学品的危险性和国家法规监管要求，结合我校实际，对我校实验室化学品的储存和使用实施五级安全管理
（一）一级安全管理的危险化学品（以下简称
一级危化品
），指
《剧毒化学品目录》中所列
剧毒
化学品和《易制毒化学品的分类和品种目录》中所列第一类易制毒化学品，以及接近或符合剧毒化学品、第一类易制毒化学品安全特性的实验室自制化学品；
（二）二级安全管理的危险化学品（以下简称
二级危化品
《易制爆危险化学品名录》中所列易制爆化学品，以及易燃易爆的实验室自制化学品；
（三）三级安全管理的危险化学品（以下简称
三级危化品
《麻醉药品品种目录》和《精神药品品种目录》中所列麻醉药品和精神药品，以及《医疗用毒性药品管理办法》所附《毒性药品管理品种》中所列毒性药品，以及接近或符合麻醉药品、精神药品安全特性的实验室自制化学品；
（四）四级安全管理的危险化学品（以下简称
四级危化品
《易制毒化学品的分类和品种目录》中所列第二类、第三类易制毒化学品，以及接近或符合第二类、第三类易制毒化学品安全特性的实验室自制化学品；
（五）五级安全管理的化学品（以下简称
五级危化品
），指其他
非管制类危险化学品、普通非危险化学品和普通非危险的实验室自制化学品。
上述分级根据国家管理要求的调整相应调整。
第十五条
自制化学品由实验室负责人根据其实际的安全特性情况，对应上述分级分类标准确定安全管理等级、实施安全管理并承担相应责任。
第十六条
各二级单位在进行实验室建设或维修改造工程时，必须充分考虑该实验室可能涉及的化学品类别，按照相关建设标准依规建设。
第五章
化学品的存储管理
第十七条
化学品的存储应当符合国家有关法规、标准，并符合学校实验室化学品分级管理的要求：",,,,,,,基于公开网页资料自动抽取，导入知识库前请人工复核。,实验室化学品安全管理实施细则 | https://sbc.sysu.edu.cn/article/670,网页,实验室化学品安全管理实施细则,中山大学设备与实验室管理处,,2021-03-31,https://sbc.sysu.edu.cn/article/670,2026-03-15,,approved,危化品;化学品管理;储存,zh-CN
WEB-004-005,实验室化学品安全管理实施细则（片段5）,化学,化学品管理,化学,4,危化品;储存,实验室化学品安全管理有哪些要求,实验室化学品安全管理有哪些要求,"第十六条
各二级单位在进行实验室建设或维修改造工程时，必须充分考虑该实验室可能涉及的化学品类别，按照相关建设标准依规建设。
第五章
化学品的存储管理
第十七条
化学品的存储应当符合国家有关法规、标准，并符合学校实验室化学品分级管理的要求：
（一）一级危化品由各二级单位集中储存，并按安全特性分类存放。其中，剧毒品储存场所应符合国家对剧毒化学品存放场所的治安防范要求，并通过保卫处组织的校内安全审核和公安部门的认可。剧毒化学品不可与第一类易制毒化学品或其他物品存放于同一库房。所在二级单位负责日常监管。
（二）二级危化品
由实验室单独专柜储存，并按安全特性分类存放；储存场所应符合国家对易制爆危险化学品储存场所的治安防范要求并通过保卫处组织的校内安全审核和公安部门的认可。所在二级单位负责日常监管。
（三）三级危化品由实验室单独专柜储存，并按安全特性分类存放；实行双人双锁管理。所在二级单位负责对实验室的储存条件进行审核认定并做好日常安全监管。
（四）四级危化品由实验室存放在上锁的符合安全要求的试剂柜中，并按安全特性分类存放。所在二级单位负责日常监管。
（五）五级危化品由实验室按安全特性分类存放，由实验室负责日常管理。
（六）自制化学品由实验室按安全特性分级、分类存放，由实验室负责日常管理，所在二级单位负责日常监管。
第十八条
实验室人员应合理购置及存储危险化学品，严禁超量存储。实验室应存放尽量少的化学品，每间
实验室内存放的除压缩气体、液化气体、剧毒化学品和爆炸品以外的危险化学品总量不应超过
L/m
kg/m
其中易燃易爆性化学品的存放总量不应超过
0.5
，且单一包装容器不应大于
25
kg,
暂时存放在安全柜或试剂柜以外的危化品总量液体不得超过
0.2
、固体不得超过
。原则上实验台化学试剂架上应只放置临时需要使用的试剂，用完后应放回安全柜或试剂柜。
第十九条
各实验室应
严格按照化学品的化学特性和安全特性分类存放，不同类别相互之间保持一定的安全距离，防止相互作用而发生安全事故。
第二十条
危险化学品储存区域的温度、湿度应严格控制，发现变化应及时调整。需要低温存贮的易挥发有机化学品必须存放于防爆冰箱。
第二十一条
实验室化学品柜上应有信息牌说明存放的类别、名称和数量；不稳定化学品或可能产生不稳定化学品应特别标注；信息牌内容应及时更新。
第二十二条
实验室及走廊等的公共区域不得堆放或囤积危险化学品、气体钢瓶及化学废弃物；实验室内可存放少量化学品、化学废液，但必须分类分项存放，保持通风，远离热源、火源等可能引发安全事故的危险源；实验大楼周围禁止堆放危险化学品和化学废弃物。
第二十三条
储存危险化学品和化学废弃物的场所，应当设置明显的安全警示标志。
第六章
化学品的使用管理
第二十四条
各二级单位和实验室应按化学品的分级管理要求管理和使用化学品并定期进行盘点。
（一）",,,,,,,基于公开网页资料自动抽取，导入知识库前请人工复核。,实验室化学品安全管理实施细则 | https://sbc.sysu.edu.cn/article/670,网页,实验室化学品安全管理实施细则,中山大学设备与实验室管理处,,2021-03-31,https://sbc.sysu.edu.cn/article/670,2026-03-15,,approved,危化品;化学品管理;储存,zh-CN
WEB-004-006,实验室化学品安全管理实施细则（片段6）,化学,化学品管理,化学,4,危化品;储存,实验室化学品安全管理有哪些要求,实验室化学品安全管理有哪些要求,"验大楼周围禁止堆放危险化学品和化学废弃物。
第二十三条
储存危险化学品和化学废弃物的场所，应当设置明显的安全警示标志。
第六章
化学品的使用管理
第二十四条
各二级单位和实验室应按化学品的分级管理要求管理和使用化学品并定期进行盘点。
（一）
．各二级单位须安排专人统一保管并严格执行
双人领取、双人运输、双人使用、双人记账、双人双锁保管
五双
管理制度，其中
双人双锁
中保管
双人
必须是本校在岗教职工。
．实验室人员必须经项目负责人、实验室负责人和学院负责人审批后方可领用一级危化品。实行按需领用，严格控制领用剂量。实验室应设双人双锁的临时储存保险柜，用于存放当天领用的一级危化品；当天未使用完的一级危化品，应交回所在二级单位保管人。
．二级单位须严格执行
一物一账
的管理台账登记制度，并每季度末向学校报备；实验室须严格执行
的使用台账登记制度。台账应保存至该危险化学品全部使用完毕（或完成报废处置）后
年。
．各二级单位应根据本单位一级危化品采购及使用情况，定期或不定期检查实验室使用台账建设、安全规范储存、使用和处置情况，并定期向学校报送本单位各实验室一级危化品存量的情况。
（二）
．实验室应安排专人保管并严格执行
双人收发、双人保管、双人双锁
的管理制度。
必须是在岗教职工或经实验室负责人书面授权的本校在读研究生。
．领用二级危化品者应为在岗教职工；如为研究生，须项目负责人授权。当天未使用完的二级化学品，需交回实验室保管人。
．实验室须严格执行
的使用台账登记制度。每项台账应保留至该危险化学品全部使用完毕（或完成报废处置）后
．各二级单位应根据本单位二级危化品采购及使用情况，定期或不定期检查实验室使用台账建设、安全规范储存、使用和处置情况，并定期向学校报送本单位各实验室二级危化品存量的情况。
（三）
双人验收入库、双人领取使用、双人归还、双人保管记账、双人双锁保管
的五双制度。
．使用人领用三级危化品，须于当天使用完毕；如未使用完，须将剩余三级化学品交回实验室保管人。
．各二级单位应根据本单位三级危化品采购及使用，定期或不定期检查实验室使用台账建设、安全规范储存、使用和处置情况，并定期向学校报送本单位各实验室三级危化品存量的情况。
（四）
．实验室安排专人保管并严格执行
的使用台账登记制度，台账至少保存至该危险化学品全部使用完毕（或完成报废处置）后
年。保管人必须是是在岗教职工或经实验室负责人书面授权的本校在读研究生。
．各二级单位应根据本单位四级危化品采购及使用，定期或不定期检查实验室使用台账建设、安全规范储存、使用和处置情况，并定期向学校报送本单位各实验室四级危化品存量的情况。
（五）
五级化学品
实验室应在存放化学品的试剂柜门外显著位置张贴相应试剂柜所存储化学品的清单。试剂柜内化学品发生变化时应同步更新清单，以保证清单与试剂柜内物品一致。
（六）",,,,,,,基于公开网页资料自动抽取，导入知识库前请人工复核。,实验室化学品安全管理实施细则 | https://sbc.sysu.edu.cn/article/670,网页,实验室化学品安全管理实施细则,中山大学设备与实验室管理处,,2021-03-31,https://sbc.sysu.edu.cn/article/670,2026-03-15,,approved,危化品;化学品管理;储存,zh-CN
WEB-004-007,实验室化学品安全管理实施细则（片段7）,化学,化学品管理,化学,4,危化品;储存,实验室化学品安全管理有哪些要求,实验室化学品安全管理有哪些要求,"用和处置情况，并定期向学校报送本单位各实验室四级危化品存量的情况。
（五）
五级化学品
实验室应在存放化学品的试剂柜门外显著位置张贴相应试剂柜所存储化学品的清单。试剂柜内化学品发生变化时应同步更新清单，以保证清单与试剂柜内物品一致。
（六）
自制化学品
实验室在实验过程中制备的化学品（或中间产物）根据实验室负责人核定的安全等级，按上述相应分级分类管理要求进行管理。
第二十五条
任何个人、实验室和二级单位不得生产、使用国家禁止生产、经营和使用的危险化学品。国家对危险化学品的使用有限制性规定的，任何单位、实验室和个人不得违反限制性规定使用危险化学品。
第二十六条
实验室在设计实验时，应在能够达到实验目的前提下，尽量减少使用危险化学品、降低实验中间产物的危险性、并减少化学废弃物产生量。
第二十七条
实验室开展实验活动前，应进行充分的风险评估，对可能存在的安全风险制订相应的防控措施，并根据项目管理部门要求办理报批或报备手续。所在二级单位或项目主管部门认为有必要的，可组织安全专家进行安全风险评估。
第二十八条
实验室应加强对涉及危险化学品的实验设施、设备和场地、装置等配套条件的管理。启用前应进行风险评估，不得启用存在设计缺陷或安全隐患的实验设备和装置；实验设备或装置如出现故障导致存在安全隐患，或者经维修仍然存在隐患的，应当停止使用。
第二十九条
实验室应根据实验所涉及化学品的种类和危险特性，在实验场所设置相应的
监测、监控、通风、防晒、调温、防火、灭火、防爆、泄压、防毒、中和、防潮、防雷、防静电、防腐、防泄漏以及防护围堤或者隔离操作等安全设施、设备，并按照国家标准、行业标准或者国家有关规定对安全设施、设备进行经常性维护、保养，保证安全设施、设备的正常使用。
相关场所和安全设施、设备上应设置明显的安全警示标志。
第三十条
各二级单位应严格落实学校关于实验室安全培训和准入考核的要求。对进入实验室的人员要经过安全教育和培训，掌握相应的实验技能和安全知识后方可参与相关实验操作。涉及使用剧毒化学品的人员，还应按国家要求接受岗前培训，持证上岗。
第三十一条
实验室须制定危险性实验的安全操作规程，并张贴上墙或置于显眼位置。实验室应建立本实验室所涉及危险化学品的化学品安全技术说明书档案，便于查阅；根据危险程度，配备相应的应急物品（如呼吸器、解毒药品、特殊灭火器材等），并做好应急防范措施。
实验操作人员应熟悉和充分了解所使用危险化学品的性质和安全防护措施，严格按照操作规程作业，做好个人安全防护。
第三十二条",,,,,,,基于公开网页资料自动抽取，导入知识库前请人工复核。,实验室化学品安全管理实施细则 | https://sbc.sysu.edu.cn/article/670,网页,实验室化学品安全管理实施细则,中山大学设备与实验室管理处,,2021-03-31,https://sbc.sysu.edu.cn/article/670,2026-03-15,,approved,危化品;化学品管理;储存,zh-CN
WEB-004-008,实验室化学品安全管理实施细则（片段8）,化学,化学品管理,化学,4,危化品;储存,实验室化学品安全管理有哪些要求,实验室化学品安全管理有哪些要求,"全技术说明书档案，便于查阅；根据危险程度，配备相应的应急物品（如呼吸器、解毒药品、特殊灭火器材等），并做好应急防范措施。
实验操作人员应熟悉和充分了解所使用危险化学品的性质和安全防护措施，严格按照操作规程作业，做好个人安全防护。
第三十二条
凡涉及化学品的实验应有人值守。实验室负责人应对实验项目的风险程度进行研判并作出值守安排。对判断为危险性较大的实验项目，其危险操作环节必须安排两人或两人以上同时在场；对判断为风险较低但需较长时间的过夜实验，实验室负责人可委托具有该实验室准入资格且熟悉该实验项目的同组人员定时监控实验过程，并向所在二级单位报备。
第三十三条
实验室如需在同校园内不同楼宇间或同一楼宇的不同房间转移危险化学品，应严格按照相关专业要求或在专家指导下密封包装，并采用专门的转移工具进行转移。实验室负责人对转移过程的安全负责。
实验室如需在不同校园或校区间转移危险化学品，为确保转移过程的安全，必须请专业资质公司进行包装和运输，并经所在二级单位报保卫处备案。
一级危险化学品必须严格执行双人运输管理。
危险化学品转移后应及时做好实物放置地点和保管人等台账信息的更新和报备。
第三十四条
工艺过程使用或产生刺激性气味甚至有毒有害气体的实验，须在工作正常的通风柜（橱）中进行，并采取安装吸附或净化装置等有效措施，使排放气体符合政府部门制订的大气污染排放标准，防止造成大气污染。
第七章
化学废弃物的处置
第三十五条
实验室在做好绿色排放的前提下，应严格按安全特性分类收集化学废弃物，存放在通风良好的暂存场所，并根据学校要求做好相关安全标识。安全标识应清晰、明确，包括化学废弃物暂存点标识、安全警示标识、危险废弃物标识等。
第三十六条
学校按照
谁污染，谁治理；谁使用、谁负责；谁主管、谁负责
的原则推进化学废弃物的处置。
化学废弃物由学校联系有资质的回收公司统一处置，学校可以委托化学废弃物产量较大的
二级单位
协助承担部分处置任务。化学废弃物的处置费用由学校和产废二级单位分担，具体操作细则另行规定。
第三十七条
产生化学废弃物的实验室负责做好废弃物收集和暂存的具体工作，实验室所在二级单位应做好监督管理工作，相关要求如下：
（一）化学废弃物应按安全特性分类收集，隔离存放，并在容器外注明危险性。同一类化学废弃物混存前需进行兼容性测试，通过后方可混存。废液桶中盛装废液不超容积的
75%
。剧毒化学废弃物、易燃易爆化学废弃物必须单独收集，并在确保安全的条件下妥善存放，不得混入其他化学废弃物中。",,,,,,,基于公开网页资料自动抽取，导入知识库前请人工复核。,实验室化学品安全管理实施细则 | https://sbc.sysu.edu.cn/article/670,网页,实验室化学品安全管理实施细则,中山大学设备与实验室管理处,,2021-03-31,https://sbc.sysu.edu.cn/article/670,2026-03-15,,approved,危化品;化学品管理;储存,zh-CN
WEB-004-009,实验室化学品安全管理实施细则（片段9）,化学,化学品管理,化学,4,危化品;储存,实验室化学品安全管理有哪些要求,实验室化学品安全管理有哪些要求,"分类收集，隔离存放，并在容器外注明危险性。同一类化学废弃物混存前需进行兼容性测试，通过后方可混存。废液桶中盛装废液不超容积的
75%
。剧毒化学废弃物、易燃易爆化学废弃物必须单独收集，并在确保安全的条件下妥善存放，不得混入其他化学废弃物中。
（二）化学废弃物的盛装容器应完好牢固，封口紧密，无破损、倾斜、倒置和渗漏等现象；应根据化学废弃物的特性选择容器类别，确保不会发生废弃物将容器溶解、腐蚀等异常现象。容器外应有明显清晰的标识，准确标明废弃物的名称、成分、规格、形态、数量、危险性等，外文标识的应加注中文注释。回收危险化学废弃物时，如发现盛装容器或标识不符合规定要求，工作人员可拒收，并要求二级单位或实验室按规定要求整改。
（三）严禁将未经无害化处理、可能污染环境的化学废弃物直接排入下水道。
（四）对于实验过程中会产生有毒、有害、有味气体的实验室，应在废气排放前采取措施对废气进行有效的吸附、吸收、中和等处理，并安装吸附型或分解型的通风柜，确保废气排放达到国家相关排放标准。
（五）严禁将化学废弃物与一般生活垃圾、生物性废弃物、医疗废弃物或放射性废弃物等混装贮存和回收。
（六）学校鼓励实验室剩余试剂调拨使用；确需报废处理的废旧化学试剂，在回收处置前需做好登记，并在相应试剂柜暂存。
第三十八条
设备与实验室管理处定期组织化学废弃物的回收工作。各二级单位应按照学校关于化学废弃物回收流程组织实验室进行申报、按设备与实验室管理处通知的时间和地点进行集中暂存，并配合处置公司进行现场回收。未经申请和审核或未按要求粘贴清单的化学废弃物，工作人员可拒收，相关二级单位或实验室应按规定要求整改。
第八章
安全事故应急处理
第三十九条
涉及化学实验的各二级单位及实验室应制定本单位化学安全事故应急处置预案，落实应急救援人员和应急救援器材、设备，并定期组织应急救援演练。各二级单位化学事故应急处置预案应报设备与实验室管理处和保卫处备案。
第四十条
一旦实验室发生起火、爆炸，人员受伤、中毒，化学品被盗、丢失、泄漏，或者化学废弃物严重污染等安全事故，事故实验室应立即根据事故的性质、严重程度、可控性和影响范围等因素启动本实验室相应等级的事故应急处置预案，采取有效措施控制事故的危害和影响，
并逐级上报所在二级单位、保卫处、设备与实验室管理处和当地公安部门。
学校实验室安全事故应急按照
《中山大学实验室安全突发事件应急预案》执行。
第九章
责任追究
第四十一条
实验室化学
安全是学校实验室安全重要部分，纳入各相关二级单位和人员年度考核内容。
第四十二条",,,,,,,基于公开网页资料自动抽取，导入知识库前请人工复核。,实验室化学品安全管理实施细则 | https://sbc.sysu.edu.cn/article/670,网页,实验室化学品安全管理实施细则,中山大学设备与实验室管理处,,2021-03-31,https://sbc.sysu.edu.cn/article/670,2026-03-15,,approved,危化品;化学品管理;储存,zh-CN
WEB-004-010,实验室化学品安全管理实施细则（片段10）,化学,化学品管理,化学,4,危化品;储存,实验室化学品安全管理有哪些要求,实验室化学品安全管理有哪些要求,"保卫处、设备与实验室管理处和当地公安部门。
学校实验室安全事故应急按照
《中山大学实验室安全突发事件应急预案》执行。
第九章
责任追究
第四十一条
实验室化学
安全是学校实验室安全重要部分，纳入各相关二级单位和人员年度考核内容。
第四十二条
违反国家、地方化学品相关法律法规及本细则规定，存在实验室化学品管理安全隐患且多次未按照要求在规定期限内完成整改或整改不到位的，或造成实验室安全事故的，依照国家、地方和学校有关实验室安全管理规定对相关人员、所在实验室和二级单位进行处罚和追责。构成违法或犯罪的，交由国家有关机关进行处理。
第十章
附则
第四十三条
实验室气体和气瓶管理实施细则另行制定。
第四十四条
本细则与国家相关法律法规不一致的，以法律法规为准。其他未尽事宜，按国家和地方相关法律法规执行。
第四十五条
各二级单位要根据本细则，结合各自的具体情况，制定相应的管理制度及实施细则，并醒目张贴，严格监督执行。
第四十六条
本细则自发布之日起实施，由设备与实验室管理处负责解释。原《中山大学危险化学品安全管理办法》（中大设备〔
2015
号）、《中山大学安全管制药品管理办法》（中大设备〔
号）、《中山大学危险化学废弃物管理办法》（中大设备〔
号）同时废止。
中大设备2021-3-中山大学关于印发《中山大学实验室化学品安全管理实施细则》的通知_0.docx",,,,,,,基于公开网页资料自动抽取，导入知识库前请人工复核。,实验室化学品安全管理实施细则 | https://sbc.sysu.edu.cn/article/670,网页,实验室化学品安全管理实施细则,中山大学设备与实验室管理处,,2021-03-31,https://sbc.sysu.edu.cn/article/670,2026-03-15,,approved,危化品;化学品管理;储存,zh-CN
WEB-007-001,化学化工实验室安全管理规范,化学,安全管理,化学,4,危化品;综合,化学实验室安全管理规范包含哪些内容,化学实验室安全管理规范包含哪些内容,"扫描此二维码分享
化学化工实验室安全管理规范
发布人：管理员
发布日期：2020-05-25
范围
本标准制定了化学化工实验室（以下文中所述
实验室
皆特指
化学化工实验室
）安全管理规
范，规定了与实验室活动相关的化学品、人员、设备、环境、设施、个体防护装备等安全管理要求。
本标准适用于化学化工实验室，其他涉及化学品的实验室的安全管理可参照执行。
2 规范性引用文件
下列文件对于本标准的应用是必不可少的。凡是注日期的引用文件，仅注日期的版本适用于本文件。凡是不注日期的引用文件，其最新版本（包括所有的修改单）适用于本文件。
GBZ 2.1-2007工作场所有害因素职业接触限值 第 1部分：化学有害因素
GBZ2.2-2007工作场所有害因素职业接触限值 第2部分：物理因素
GB1002家用和类似用途单相插头插座型式、基本参数和尺寸
GB2099家用和类似用途插头插座
GB5135自动喷水灭火系统
GB/T11651-2008个体防护装备选用规范
GB16297-1996大气污染物综合排放标准
GB17945-2010消防应急照明和疏散指示系统
GB18597-2001危险废物贮存污染控制标准
GB25201-2010建筑消防设施的维护管理
GB/T29639-2013生产经营单位生产安全事故应急预案编制导则
GB/T29510-2013个体防护装备配备基本要求
GB30000化学品分类和标签规范
GB/T31190-2014实验室废弃化学品收集技术规范
GB/T34525-2017气瓶搬运、装卸、储存和使用安全规定
GB50016-2014建筑设计防火规范（2018版）
GB50019-2015工业建筑供暖通风与空气调节设计规范
GB50057建筑物防雷设计规范
GB50084-2017自动喷水灭火系统设计规范
GB50116-2013火灾自动报警系统设计规范
GB50140-2005建筑灭火器配置设计规范
GB50166-2007火灾自动报警系统施工及验收规范
GB50261-2017自动喷水灭火系统施工及验收规范
GB50736-2012民用建筑供暖通风与空气调节设计规范
GB50974-2014消防给水及消火栓系统技术规范
GB51251-2017建筑防烟排烟系统技术标准
AQ/T3052-2015危险化学品事故应急救援指挥导则
AQ/T4274-2016局部排风设施控制风速检测与评估技术规范
HJ2025-2012危险废物收集贮存运输技术规范
JGJ91-2019科研建筑设计标准
术语和定义
下列术语和定义适用于本文件。
3.1 化学化工实验室chemistry and chemical engineering laboratories",,,,,,,基于公开网页资料自动抽取，导入知识库前请人工复核。,化学化工实验室安全管理规范 | https://sbc.sysu.edu.cn/article/570,网页,化学化工实验室安全管理规范,中山大学设备与实验室管理处,,2020-05-25,https://sbc.sysu.edu.cn/article/570,2026-03-15,,approved,化学实验室;安全管理;危化品,zh-CN
WEB-007-002,化学化工实验室安全管理规范（片段2）,化学,安全管理,化学,4,危化品;综合,化学实验室安全管理规范包含哪些内容,化学实验室安全管理规范包含哪些内容,"25-2012危险废物收集贮存运输技术规范
JGJ91-2019科研建筑设计标准
术语和定义
下列术语和定义适用于本文件。
3.1 化学化工实验室chemistry and chemical engineering laboratories
提供化学、化工实验条件并开展科学研究、技术研发等活动的实验场所以及配套的附属场所。包括高等院校实验室、科研院所实验室、企业实验室（含化验室）、公共实验平台等，不包括中试性质和工业化放大性质的实验室或试验场所。
3.2 危险化学品dangerous chemicals
具有毒害、腐蚀、爆炸、燃烧、助燃等性质，对人体、设施、环境具有危害的剧毒化学品和其他化学品。
3.3 有毒物质poisons
在被吞食、吸入或与皮肤接触后可能造成死亡或严重受伤或损害人体健康的物质。
3.4 有害物质hazardous substances
有害物质是指人类在生产条件下或日常生活中所接触的能引起疾病或使健康状况下降的物质。
3.5 气瓶gas cylinder
公称容积不大于3000L，用于盛装气体的移动式压力容器。
3.6 禁忌物料incompatible materials
化学性质相抵触、相遇可产生激烈反应的或灭火方法不同的化学物料。
3.7 化学品安全技术说明书material safety datasheet; MSDS
化学品的供应商向下游用户、公共机构、服务机构和其他涉及该化学品的相关方传递化学品基本危害信息（包括理化参数、危害特性、运输、操作处置、储存和应急行动信息）的一种载体。
3.8 实验室废弃物laboratory waste
实验室运作过程中产生并需要处理的任何液体、固体或气态物质或物品。
3.9 个体防护装备personal protective equipment
从业人员为防御物理、化学、生物等外界因素伤害所穿戴、配备和使用的各种护品的总称，包括在生产作业场所穿戴、配备和使用的劳动防护用品。
3.10危害辨识hazard identification
危害辨识是运用系统分析的方法，发现并识别生产工艺、设备设施以及作业环境中存在的各类危险
有害因素，采用系统工程的原理对危害因素进行控制和治理，并持续提升控制手段的方法和过程。
3.11应急预案emergency plan
针对可能发生的事故，为迅速、有序地开展应急行动而预先制定的行动方案。
3.12风险risk
发生危险时间或有害暴露的可能性，与随之引发的人身伤害或健康损害的严重性的组合。
3.13风险评估risk assessment
对危险源导致的风险（3.12）进行评估，对现有控制措施的充分性加以考虑以及对风险是否可接受予以确定的过程。
4 管理体系
4.1实验室应建立、实施和维持安全管理体系，编制安全管理手册、程序文件、作业
指导书以及记录",,,,,,,基于公开网页资料自动抽取，导入知识库前请人工复核。,化学化工实验室安全管理规范 | https://sbc.sysu.edu.cn/article/570,网页,化学化工实验室安全管理规范,中山大学设备与实验室管理处,,2020-05-25,https://sbc.sysu.edu.cn/article/570,2026-03-15,,approved,化学实验室;安全管理;危化品,zh-CN
WEB-007-003,化学化工实验室安全管理规范（片段3）,化学,安全管理,化学,4,危化品;综合,化学实验室安全管理规范包含哪些内容,化学实验室安全管理规范包含哪些内容,"k assessment
对危险源导致的风险（3.12）进行评估，对现有控制措施的充分性加以考虑以及对风险是否可接受予以确定的过程。
4 管理体系
4.1实验室应建立、实施和维持安全管理体系，编制安全管理手册、程序文件、作业
指导书以及记录
表单。安全管理手册为实验室安全管理体系的纲领性文件，是描述安全管理体系、实施安全管理及促进改进的必需文件。程序文件为安全管理手册的支持性文件，是对安全管理体系中的各项管理活动进行控制的有效依据。作业指导书是安全管理手册和程序文件有效实施的辅助性文件，是对完成各项管理活动的操作规程；记录表单是实验室安全管理体系相关管理活动的原始证据，用于安全管理体系运行中信息的记载、传递和运行情况的证实。
4.2安全管理体系文件应传达至实验室全部人员，并要求其获取、理解和执行。
4.3 由实验室安全责任人对实验室相关人员进行安全管理体系的宣传与贯彻，并定期组织对安全管理体系进行审核及改进，保存相关记录。
4.4 实验室应建立和维持程序来控制安全管理体系相关的所有文件，包括安全管理手册、程序文件、作业指导书、记录表单等。
4.5 实验室制定的安全管理体系文件应有唯一性标识。该标识应包括发布机构、发布日期和/或修订标识、页码、总页数或表示文件结束的标记。
4.6凡作为安全管理体系组成部分发给实验室人员的所有文件，在发布之前应由授权
人员审查并批准
使用。应建立识别管理体系中文件当前的修订状态和分发的控制清单，或等效的文件控制程序文件并使之易于获得，以防止使用无效和/或作废的文件。
4.7实验室安全管理文件为受控文件，不得随意修改，若因特殊情况需要修订，应得到授权并履行相关程序。
组织及职责
5.1实验室应确保所从事的相关活动符合现行有效的安全法律法规和标准的要求。
5.2实验室的安全管理体系应覆盖实验室在其固定场所内进行的所有活动。
5.3 实验室应：
a）配备专职或兼职的安全管理人员。安全管理人员应履行包括实施、维持和改进安全管理体系的职责，识别对安全管理体系的偏离，以及采取预防或减少这些偏离的措施；
b）制定对安全有影响的所有管理、操作和监督人员的职责、权利和相互关系的制度；
c）由熟悉实验室活动和安全要求的安全监督人员对实验室开展的各项工作进行安全监督。赋予安
全监督人员应履行包括评估和报告活动风险、制定和实施安全保障及应急措施、阻止不安全行为或活动的职责；
d）确保实验室人员知晓实验室的安全要求和安全风险。确保人员在其活动的区域承担安全方面的责任和义务，避免因个人原因产生安全隐患或造成安全事故。
5.4 实验室最高管理者对实验室安全和安全管理体系运行负责。",,,,,,,基于公开网页资料自动抽取，导入知识库前请人工复核。,化学化工实验室安全管理规范 | https://sbc.sysu.edu.cn/article/570,网页,化学化工实验室安全管理规范,中山大学设备与实验室管理处,,2020-05-25,https://sbc.sysu.edu.cn/article/570,2026-03-15,,approved,化学实验室;安全管理;危化品,zh-CN
WEB-007-004,化学化工实验室安全管理规范（片段4）,化学,安全管理,化学,4,危化品;综合,化学实验室安全管理规范包含哪些内容,化学实验室安全管理规范包含哪些内容,"急措施、阻止不安全行为或活动的职责；
d）确保实验室人员知晓实验室的安全要求和安全风险。确保人员在其活动的区域承担安全方面的责任和义务，避免因个人原因产生安全隐患或造成安全事故。
5.4 实验室最高管理者对实验室安全和安全管理体系运行负责。
5.5 实验室最高管理者应通过以下方式做出承诺：a）遵守国家和地方的法律、法规、标准和其他要求；b）为安全管理体系的建立和运行提供必要的资源，包括但不限于人力资源、设施和设备、技能和
技术、医疗保障、财力资源；
c）明确安全管理人员作用、分配职责、授予权力，提供有效的安全管理，并形成文件和建立沟通机制。
5.6 应在最高管理层中明确实验室安全责任人，并赋予其以下职责和权限：a）建立、实施和运行安全管理体系；b）向实验室最高管理者提交安全绩效报告，以供评审，并为改进体系提供依据。
5.7 实验室应建立沟通和报告机制。包括：a）在实验室内部不同层次和职能部门间进行内部沟通；b）与进入实验室场所的外来人员进行沟通；c）接收、记录和回应来自外部相关方的沟通；d）安全风险隐患及事故事件的报告机制。
5.8 实验室应建立实验室安全的全员参与机制。实验室人员可通过以下多种方式参与实验室安全相关的活动：
a）作业指导书等安全管理体系文件的编制和讨论；b）危险源辨识、风险评估和确定风险控制措施；c）提出安全隐患及改进建议；d）安全风险隐患排查及事故事件的调查；e）安全方针目标的制定和评审；f）商讨影响安全的因素；g）担任员工安全事务代表；
h）应急演练；i）对外来人员进行安全告知、培训和指导等。
5.9 实验室上一级部门或主管部门应设立安全管理部门/委员会，安全管理部门/委员会应有实验室危险源清单，化学品采购、使用、贮存和处理（回收、销毁等）台账与气瓶台账，并按时进行周期性安全检查，定期进行针对性安全检查，安全检查内容应全面，检查记录至少有效保存3年。注：周期性检查主要有年度检查、季度检查、月度检查、周检查和日常检查等，针对性检查主要有全面检查、专项检查等。
人员管理
6.1 人员能力
6.1.1 实验室应配备足够的人员确保实验室的安全工作，并确保实验室人员具备从事相关工作的能力。从事特殊岗位工作的人员，应具备相应的资格。
6.1.2 实验室应确保工作人员清楚所从事的工作可能遇到的危险，包括：a）危险源的种类和性质；b）使用的化学品、仪器/设备、环境等的危险特性；c）可能导致的危害及后果；
d）应采取的防护措施；e）紧急情况下的应急处置措施。
6.2 人员培训
6.2.1 实验室应制定相应的安全培训计划，包括但不限于个体防护装备的使用和维护培训、实验室仪器
设备相关培训、应急培训，保留培训记录并对培训有效性进行评价，评价合格后方可进入实验室。",,,,,,,基于公开网页资料自动抽取，导入知识库前请人工复核。,化学化工实验室安全管理规范 | https://sbc.sysu.edu.cn/article/570,网页,化学化工实验室安全管理规范,中山大学设备与实验室管理处,,2020-05-25,https://sbc.sysu.edu.cn/article/570,2026-03-15,,approved,化学实验室;安全管理;危化品,zh-CN
WEB-007-005,化学化工实验室安全管理规范（片段5）,化学,安全管理,化学,4,危化品;综合,化学实验室安全管理规范包含哪些内容,化学实验室安全管理规范包含哪些内容,"措施；e）紧急情况下的应急处置措施。
6.2 人员培训
6.2.1 实验室应制定相应的安全培训计划，包括但不限于个体防护装备的使用和维护培训、实验室仪器
设备相关培训、应急培训，保留培训记录并对培训有效性进行评价，评价合格后方可进入实验室。
6.2.2 实验室应确保进入实验室的所有人员（包括外部人员）经过适用的个体防护装备的使用和维护培训、实验室仪器/设备相关培训等并明确实验室安全规定、风险和程序。
6.2.3 应组织实验室安全责任人及相关人员分析、查找和学习本单位出现的安全风险隐患和事故事件，进行整改并保存所有相关记录。
6.2.4 对新员工或新生做好“三级”（进入单位、部门/课题组、实验室）安全教育及考核并保存相关记录；岗位/工位/工种调整、长时间歇工后上岗前也应做好相应的安全教育和培训。
6.3 人员监督
6.3.1 实验室安全责任人或安全监督人员应对实验室人员进行适当的监督。
6.3.2 实验室所有人员均有权对他人（包括内部员工、承包商和外来人员）进行监督，若发现有违反安全规定的行为应制止并上报实验室最高管理者。
6.4 人员授权
6.4.1 实验室应规定安全管理体系中各岗位职责并进行人员授权或任命。
6.4.2 实验室应实行全员安全责任制，所有员工均应明确在实验室安全管理体系中的职责并作出相关承诺。
化学品管理
7.1 分类
化学品按其危险性分为3大类28项：
1)理化危险（16项）：爆炸物、易燃气体、气溶胶、氧化性气体、加压气体、易燃液体、易燃固体、自反应物质和混合物、自燃液体、自燃固体、自热物质和混合物、遇水放出易燃气体的物质和混合物、氧化性液体、氧化性固体、有机过氧化物和金属腐蚀物。
2)健康危险（10项）：急性毒性、皮肤腐蚀/刺激、严重眼损伤/眼刺激、呼吸或皮肤过敏、生殖细胞致突变性、致癌性、生殖毒性、特异性靶器官系统毒性—单次接触、特异性靶器官系统毒性—反复接触、吸入危险。
3)环境危险（2项）：危害水生环境、危害臭氧层。其具体分类和标签规范详见GB30000.2~GB30000.29。
7.2采购
7.2.1实验室安全管理体系中应有采购、验收、贮存、使用和处理化学品（包括压缩气体、易制毒、易制爆和剧毒化学品）的管理程序。
7.2.2实验室应建立化学品（包括气瓶）采购、使用、贮存和处理（回收、销毁等）台账，并保留所有相关记录。气瓶使用台账可记录使用前后气体压力值，若持续使用气瓶，可每天记录一次。
7.2.3实验室应从具有危险化学品安全生产许可证的生产厂家或危险化学品经营许可证的单位采购危险化学品。
7.2.4实验室采购危险化学品时，应索取安全技术说明书和安全标签（以下称“一书一签”），不得采购无“一书一签”的危险化学品。
7.2.5实验室应从具有气瓶充装许可证的单位采购瓶装气体。",,,,,,,基于公开网页资料自动抽取，导入知识库前请人工复核。,化学化工实验室安全管理规范 | https://sbc.sysu.edu.cn/article/570,网页,化学化工实验室安全管理规范,中山大学设备与实验室管理处,,2020-05-25,https://sbc.sysu.edu.cn/article/570,2026-03-15,,approved,化学实验室;安全管理;危化品,zh-CN
WEB-007-006,化学化工实验室安全管理规范（片段6）,化学,安全管理,化学,4,危化品;综合,化学实验室安全管理规范包含哪些内容,化学实验室安全管理规范包含哪些内容,"的生产厂家或危险化学品经营许可证的单位采购危险化学品。
7.2.4实验室采购危险化学品时，应索取安全技术说明书和安全标签（以下称“一书一签”），不得采购无“一书一签”的危险化学品。
7.2.5实验室应从具有气瓶充装许可证的单位采购瓶装气体。
7.2.6实验室采购易制毒、易制爆和剧毒化学品时，应严格按照《易制毒化学品管理条例》、《易制爆危险化学品治安管理办法》、《剧毒化学品购买和公路运输许可证件管理办法》的要求执行。
7.3 验收
7.3.1实验室应严格检查化学品名称、数量、包装、“一书一签”，确认完好后登记入库贮存。
7.3.2气瓶应按照规定进行漆色、标注气体名称和涂刷横条。
7.3.3气瓶上应有符合安全技术规范及国家标准规定的警示标签和充装标签。
7.3.4 使用的气瓶应有合格证，并应由有资质的气瓶检验机构进行定期检验，且在检验有效期内，合格证和检验报告由产权单位保留。
7.4贮存
7.4.1贮存危险化学品应遵照国家法律、法规和其他有关的规定。
7.4.2 实验室应设置符合安全、消防相关技术标准要求的房间贮存危险化学品，该房间内用电设备、通排风设施、输配电线路、灯具、应急照明和疏散指示标志等都应满足相关要求。
7.4.3贮存易燃、易爆危险化学品的建筑，应安装避雷设施，具体遵照GB50057的要求。
7.4.4除贮存化学品房间外，每间实验室内存放的除压缩气体、液化气体、剧毒化学品和爆炸品以外的危险化学品总量不应超过1L/m2或1Kg/m2，其中易燃易爆性化学品的存放总量不应超过0.5L/m2或0.5Kg/m2，且单一包装容器不应大于25L或25Kg。
7.4.5实验室除贮存化学品房间外，其他房间暂时存放在安全柜或试剂柜以外的危化品总量液体不得超过0.2L/m2、固体不得超过0.2Kg/m2；实验台化学试剂架上应只暂放当天用量，用完后应放回安全柜或试剂柜中。
7.4.6危险化学品应参照相关规定进行贮存，且不得与禁忌物料混合贮存。
7.4.7 压缩气体和液化气体应与爆炸物品、氧化剂、易燃物品、自燃物品、腐蚀性物品隔离贮存。盛装液化气体的容器属压力容器的，应有压力表、安全阀、紧急切断装置，并定期检查，不得超装。
7.4.8 易燃气体不得与助燃气体、剧毒气体同存；氧气不得与油脂混合贮存；易燃液体、遇湿易燃物品、易燃固体不得与氧化剂混合贮存；氧化剂应单独存放。
7.4.9 有毒、有害物质应贮存在阴凉、通风、干燥的场所，不得露天存放，不得接近酸类物质；腐蚀性物品，包装应严密，严禁泄漏，严禁与液化气体和其他物品共存。
7.4.10实验室化学品柜上应有信息牌说明存放的类别、名称和数量。
7.4.11 危险化学品入库后应定期检查，发现化学品容器未关紧、破损、渗漏、标签不完整等时，应及时处理。
7.4.12危险化学品贮存区域的温度、湿度应严格控制，发现变化及时调整。",,,,,,,基于公开网页资料自动抽取，导入知识库前请人工复核。,化学化工实验室安全管理规范 | https://sbc.sysu.edu.cn/article/570,网页,化学化工实验室安全管理规范,中山大学设备与实验室管理处,,2020-05-25,https://sbc.sysu.edu.cn/article/570,2026-03-15,,approved,化学实验室;安全管理;危化品,zh-CN
WEB-007-007,化学化工实验室安全管理规范（片段7）,化学,安全管理,化学,4,危化品;综合,化学实验室安全管理规范包含哪些内容,化学实验室安全管理规范包含哪些内容,".10实验室化学品柜上应有信息牌说明存放的类别、名称和数量。
7.4.11 危险化学品入库后应定期检查，发现化学品容器未关紧、破损、渗漏、标签不完整等时，应及时处理。
7.4.12危险化学品贮存区域的温度、湿度应严格控制，发现变化及时调整。
7.4.13 贮存化学品的房间应有危险化学品安全技术说明书，且便于查看和索取；操作人员应掌握危险化学品的基本特性和应急处理方法。
7.4.14气瓶搬运、装卸、储存和使用应符合GB/T34525-2017的相关规定。
7.4.15 气瓶应放置于阴凉处的气瓶储存区域中并牢固固定。
7.4.16 气瓶宜配有防震圈。
7.4.17 不同种类的气瓶放置在同一气瓶柜之前应考虑两种气体的相互影响。
7.4.18 需要在气瓶柜外使用的气瓶应直立固定在专用支架上。
7.4.19 氧气气瓶不能与乙炔、CO、CH
等可燃性气体气瓶混放。
7.4.20 HCl、H
S、Cl
、CO等有毒、有害气体（低浓度的标准气体、计量用气体除外）气瓶应单独存放并在不远处配备正压式空气呼吸器。
7.4.21 操作人员应保证气瓶在正常环境温度下使用，防止意外受热：不应将气瓶靠近热源，安放气瓶的地点周围10m范围内，不应进行有明火或可能产生火花的作业。
7.4.22 严禁在化学品储存房间和化学品储存柜内存放其他杂物。
7.5 使用
7.5.1 领用及使用危险化学品应填写领用及使用记录。
7.5.2 易制毒、易制爆与剧毒化学品的领取，应由两人以当日实验的用量领取，如有剩余应在当日退回，并填写相关记录。
7.5.3 使用易制毒、易制爆与剧毒化学品时，应有两人以上方可进行，一人操作，一人监护。操作时应考虑危险化学品的特性并按照仪器/设备操作规程执行。
7.5.4 取用化学品时，应轻拿轻放，防止震动、撞击、倾倒和颠覆；用后应及时盖紧原瓶盖；禁止用手直接取用化学品；禁止化学品入口或直接接近瓶口鉴别。
7.5.5 气瓶应注明气体种类，并在气瓶柜或气瓶上设置“使用中”和“未使用”标识。
7.5.6 气瓶应有阀门手轮或活扳手，气体管路连接根据介质的性质选用适当的材质，如使用铜、不锈钢等金属管线，或聚四氟乙烯、PEEK等塑料管线，并定期进行泄漏检查。
7.5.7 气瓶不使用时应安装上安全保护帽。
仪器/设备管理
8.1 仪器/设备安装
实验室所有仪器/设备应按其使用物品的火灾危险性，在符合要求的建筑或房间内安装运行；建筑或房间内不得超消防批复范围存储物品。
8.2 仪器/设备标识
8.2.1 所有仪器/设备应有负责人、授权使用人、有效日期或检测日期等信息，并具有运行、故障、停用等状态标识。
8.2.2 所有涉及高温、低温、用电、易燃物、危险化学品等的仪器/设备相关部位均应有相应的安全警示标志。
8.3 仪器/设备操作规程",,,,,,,基于公开网页资料自动抽取，导入知识库前请人工复核。,化学化工实验室安全管理规范 | https://sbc.sysu.edu.cn/article/570,网页,化学化工实验室安全管理规范,中山大学设备与实验室管理处,,2020-05-25,https://sbc.sysu.edu.cn/article/570,2026-03-15,,approved,化学实验室;安全管理;危化品,zh-CN
WEB-007-008,化学化工实验室安全管理规范（片段8）,化学,安全管理,化学,4,危化品;综合,化学实验室安全管理规范包含哪些内容,化学实验室安全管理规范包含哪些内容,"2.1 所有仪器/设备应有负责人、授权使用人、有效日期或检测日期等信息，并具有运行、故障、停用等状态标识。
8.2.2 所有涉及高温、低温、用电、易燃物、危险化学品等的仪器/设备相关部位均应有相应的安全警示标志。
8.3 仪器/设备操作规程
所有仪器/设备尤其是高温、高速、强磁、低温等仪器/设备附近应有安全操作规程或作业指导书。
8.4 仪器/设备使用授权
8.4.1 实验室应建立仪器/设备管理台账。
8.4.2 所有仪器/设备均应由通过培训考核的授权使用人进行使用，且应定期对授权使用人的能力进行评估。
8.4.3 仪器/设备负责人与授权使用人可对其他人进行仪器/设备使用及相关培训，考核合格后可成为授权使用人。
8.4.4 实验室仪器/设备使用、维修、维护保养时应填写相应记录。
8.4.5 长期停用的仪器设备内部危险介质应妥善处理、设置明显标识并定期维护，重新投用前应进行技术检验、性能评估。
设施管理
9.1报警系统
9.1.1实验室应配备必要的安全报警系统，如火灾报警器、可燃气体报警器、有毒、有害气体报警器等。
9.1.2实验室使用或储存惰性气体的房间应配备氧气报警器。
9.1.3贮存危险化学品房间内应根据风险评估结果安装相应的自动报警监测和火灾自动报警系统。
9.1.4火灾自动报警系统应符合GB50116-2013和GB50166-2007的要求。
9.1.5室内气瓶存放处应根据风险评估结果配备相应的气体传感器和报警系统，气体传感器和报警系统的安装位置应合理。
9.1.6实验室应定期核查报警系统功能有效性并保存记录。
9.2通排风系统
9.2.1 实验室的通风能力应与当前实验室运行情况相适应，应符合GB50736-2012或GB50019-2015对通风的要求。
9.2.2实验室应配备局部排风系统，如：通风橱、排风罩等，且其性能应满足AQ/T4274-2016的要求。
9.2.3 实验室应定期对通排风系统进行功能有效性核查并保存核查记录。
9.2.4 当实验室产生的有毒、有害气体超过GB16297-1996中规定的新污染源大气污染物排放限值时，应通过废气处理装置吸收/吸附达标后才能排放，吸收液或吸附剂定期送有资质单位处理。
9.2.5通风橱内可暂时存放当天实验所需危险化学品，禁止长时间存放危险化学品和杂物。
9.3气瓶柜
9.3.1实验室应配备足够的气瓶柜或气瓶专用支架，以满足使用要求。
9.3.2气瓶柜应存放在阴凉、干燥、严禁明火、远离热源的房间。
9.3.3气瓶柜应定期作相关检验，包括但不限于：柜体外观有无损伤；柜体是否牢固稳定；门锁是否灵活；距火源等不安全因素的距离是否符合要求；如有电控功能、报警系统、排风系统等，需进行功能性核查。保存相关检验或试验记录。
9.3.4存放剧毒或高毒气体的气瓶柜应连接到通风装置。
9.4安全冲洗装置",,,,,,,基于公开网页资料自动抽取，导入知识库前请人工复核。,化学化工实验室安全管理规范 | https://sbc.sysu.edu.cn/article/570,网页,化学化工实验室安全管理规范,中山大学设备与实验室管理处,,2020-05-25,https://sbc.sysu.edu.cn/article/570,2026-03-15,,approved,化学实验室;安全管理;危化品,zh-CN
WEB-007-009,化学化工实验室安全管理规范（片段9）,化学,安全管理,化学,4,危化品;综合,化学实验室安全管理规范包含哪些内容,化学实验室安全管理规范包含哪些内容,"体外观有无损伤；柜体是否牢固稳定；门锁是否灵活；距火源等不安全因素的距离是否符合要求；如有电控功能、报警系统、排风系统等，需进行功能性核查。保存相关检验或试验记录。
9.3.4存放剧毒或高毒气体的气瓶柜应连接到通风装置。
9.4安全冲洗装置
9.4.1使用危险化学品的实验室应配置紧急喷淋装置和洗眼器且应有使用说明或图示。
9.4.2 紧急喷淋和洗眼器装置安装地点与工作区域之间畅通，距离不超过15米，安装位置合适，拉杆位置合适、方向正确。
9.4.3紧急喷淋装置应安装围堰，防止冲洗水外溢。
9.4.4紧急喷淋装置水管总阀处常开状，喷淋头下方无障碍物，不能以普通淋浴装置代替紧急喷淋装置。
9.4.5洗眼器应接入生活用水管道，水量水压适中（喷出高度10-30cm），水流畅通平稳。
9.4.6紧急喷淋装置和洗眼器应至少每周冲洗一次。
9.4.7实验室应每半年至少一次对紧急喷淋装置和洗眼器进行功能有效性核查并保存核查记录。
9.5防爆与防静电设施
9.5.1属于爆炸性气体环境0-2区或爆炸性粉尘环境20-22区的实验室，包括通风橱，照明，电气仪表等均应使用相应防爆等级的防爆设备；配备相应的防静电措施，操作人员应避免穿易产生静电的内外服装；并不得使用明火加热和电炉。
9.5.2使用低闪点、易燃易爆化学品的实验室应配备防爆冰箱。
9.5.3设计专用于储存易燃液体或易燃气体的房间或区域，除非经过特殊的评估或论证，否则至少应按
照气体危险区域2区的要求进行防爆电器选型及安装。
9.5.4实验室应定期核查防爆设施与防静电设施的功能有效性并保存相关记录。
9.6消防设施
9.6.1新建实验室的建设要求可参照JGJ91-2019。
9.6.2 实验室所在楼或楼层应通过消防单位或第三方消防机构的安全评估，合格后方可使用，并保存消防单位评估记录。
9.6.3 实验室应按照GB50974-2014的要求保证消防给水及配备消火栓系统；实验室所在建筑的防烟排烟系统应符合GB51251-2017的要求。
9.6.4 实验室所在楼或楼层的消防应急照明和疏散指示系统应符合GB50016-2014和GB17945-2010的相关规定。
9.6.5实验室应配备充足有效的消防设施，定期检查有效期并及时更换。
9.6.6 实验室应按可能出现的火灾类型和危险等级配备灭火器，且灭火器的配置类型、规格、数量及其设置位置应符合GB50140-2005的相关要求。
9.6.7实验室消防指示信息应齐全，墙上高1.5米以上与墙高0.5米处均应有反光贴指示灭火器。
9.6.8 实验室公共区域的消火栓、灭火器等消防设施应有明显标识。对使用有机物、油品等实验室，应配备溢油控制材料如吸油砂、吸油毡等，实验室人员应接受溢油清理训练。。",,,,,,,基于公开网页资料自动抽取，导入知识库前请人工复核。,化学化工实验室安全管理规范 | https://sbc.sysu.edu.cn/article/570,网页,化学化工实验室安全管理规范,中山大学设备与实验室管理处,,2020-05-25,https://sbc.sysu.edu.cn/article/570,2026-03-15,,approved,化学实验室;安全管理;危化品,zh-CN
WEB-007-010,化学化工实验室安全管理规范（片段10）,化学,安全管理,化学,4,危化品;综合,化学实验室安全管理规范包含哪些内容,化学实验室安全管理规范包含哪些内容,"指示信息应齐全，墙上高1.5米以上与墙高0.5米处均应有反光贴指示灭火器。
9.6.8 实验室公共区域的消火栓、灭火器等消防设施应有明显标识。对使用有机物、油品等实验室，应配备溢油控制材料如吸油砂、吸油毡等，实验室人员应接受溢油清理训练。。
9.6.9贮存危险化学品的建筑物内，如条件允许，应安装自动喷水灭火系统（遇水燃烧危险化学品，不可用水扑救的火灾除外），系统各部件要求可参见GB5135.1~GB5135.21；其喷淋强度、作用面积和供水时间应符合GB50084-2017的要求；其维护管理应满足GB50261-2017的要求。
9.6.10实验室应定期组织员工进行消防演练或培训，并保存消防演练或培训记录。
9.6.11实验室应按照GB25201-2010的要求对建筑消防设施进行维护和管理。
9.7电气设备
9.7.1 实验室应有电源总闸，停止工作时，应关闭总闸门。以楼层为控制单元的，在电源总闸上应明示控制开关的区域。
9.7.2实验室电器插头和连接用插头应符合GB1002和GB2099.1 ~2099.2。
9.7.3实验室所有电气设备应正确接地，所有电线都处于良好状态，无开裂、脆化、磨损现象。
9.7.4禁止电线横穿地板。
9.7.5所有电机应有过载保护或热继电器保护。
9.7.6电机外壳应有明显的安全警示。
9.7.7 高温电器如高温马弗炉、电热烘箱等不得放置在木质或合成材料桌面上，并在电器明显处应有“高温”、“防烫”、“触电危险”等标识牌。
9.7.8加热电器的接线端子等应处于封闭状态，不能裸露。
9.7.9大功率电器应有过载保护、漏电保护、单独地线。
9.7.10实验室应有独立配电箱或配线盒，墙面配电箱/盒采用带盖封闭式。
9.7.11配线箱/盒应从楼层或房间内的配电柜连接。
9.7.12 实验室电容量与用电设备功率需匹配，电源插座须固定。
9.7.13 插座、插头、接线板符合国家质量认证的合格产品。
9.7.14 不得乱拉临时电线，套接接线板。固定电源插座应保持完整无损坏，避免多台设备使用共同的电源插座。接线板和插座的配制应满足所用电气设备的负荷。
9.7.15 配电柜、接线盒等过载保护器后引出的电线，应用硬线管保护。
9.7.16 电线宜布置在线廊、塑料管或蛇皮管内。
9.7.17 无防护管保护的电线，应用软管保护。
9.7.18 软电线宜固定在设备或框架上。
9.7.19 通风橱内不宜设置或放置插座、插头、接线板。
10
环境管理
10.1安全标识
10.1.1 实验室所在楼或楼层均应设置符合安全疏散要求的安全出口，且实验室房门距最近安全出口的距离应符合GB50016-2014的规定。
10.1.2 实验室房间门应向安全出口方向开启，且1.5米范围内不应有任何障碍物。
10.1.3 实验室显著位置应有应急疏散图，所在楼道应有安全方位标识。",,,,,,,基于公开网页资料自动抽取，导入知识库前请人工复核。,化学化工实验室安全管理规范 | https://sbc.sysu.edu.cn/article/570,网页,化学化工实验室安全管理规范,中山大学设备与实验室管理处,,2020-05-25,https://sbc.sysu.edu.cn/article/570,2026-03-15,,approved,化学实验室;安全管理;危化品,zh-CN
WEB-007-011,化学化工实验室安全管理规范（片段11）,化学,安全管理,化学,4,危化品;综合,化学实验室安全管理规范包含哪些内容,化学实验室安全管理规范包含哪些内容,"求的安全出口，且实验室房门距最近安全出口的距离应符合GB50016-2014的规定。
10.1.2 实验室房间门应向安全出口方向开启，且1.5米范围内不应有任何障碍物。
10.1.3 实验室显著位置应有应急疏散图，所在楼道应有安全方位标识。
10.1.4 实验室的实验区和非实验区，防护区和非防护区均应有明显的分隔标识线。
10.1.5 实验室门口应有安全信息牌，至少应包括实验室危害类型、个体防护要求、气瓶种类与数量、安全责任人及联系方式等内容。
10.1.6 实验室全部工作场所应有明显的危险源标识，包括剧毒品、放射性强磁、病原微生物、同位素等高危场所，应有明显的警示标识。
10.1.7 实验室各房间门内外应有明显的进、出标识。
10.1.8 实验室贮存柜或抽屉上应贴有内部存放所有物品的标签，且标签与物品信息应一致。
10.1.9 实验室所有工作场所应有清楚、明显和统一的标志，如安全警示标志、安全防护标志等。
10.2其他要求
10.2.1 实验室的固定办公区域应与实验操作区域隔离；如实验室内设置有临时记录区，应设置在靠近安全出口的位置。
10.2.2 实验室门应保持关闭状态，以隔绝火与烟。
10.2.3 实验室应有应急出入措施，供电失灵时应能打开电子门锁，各房间有备用应急钥匙并统一管理。
10.2.4 实验室外的公共区域不得堆放仪器、物品等；楼道紧急出口不得上锁，保证所有出口通道畅通无阻。
10.2.5 危险材料、化学品贮存柜、气瓶禁止放于实验室主要出口附近。
10.2.6 废旧物品和仪器应及时进行报废处理。
10.2.7 甲、乙类危险物品不得储存在地下室或半地下室。
10.2.8 实验室人员在实验室所接触的化学有害因素，包括化学物质、粉尘和生物因素，其在实验室空气中的浓度应不超过GBZ2.1所规定的限值。
10.2.9 实验室人员在实验室所接触的物理因素，包括：超高频辐射、高频电磁场、工频电场、激光辐射、噪声等，应不超过GBZ2.2所规定的限值。
10.2.10 实验室的职业病危害因素应按照《职业病防治法》的要求进行定期检测，当出现异常情况时应进行应急监测。
11
安全风险辨识评估
11.1 实验室应建立、实施和维持程序，以持续进行危害辨识和风险评估。应对实验室的所有工作进行危害辨识和风险评估。
11.2 实验室应系统识别实验室活动所有阶段可预见的危险源，识别所有与各类活动相关的可预见的危险，如机械、电气、高温、低温、火灾、噪声、毒物、辐射、化学等危险；或与任务不直接相关的可预见的危险，如实验室突然停电、停水、自然灾害等特殊状态下的安全。
11.3 实验室应从化学品、人员、仪器/设备、环境、设施等方面进行危险源辨识。
11.4 风险评估应考虑（但不限于）以下内容：
a）常规和非常规活动，包括新引入的化学品危害及安全措施、新开放或引入的化学反应或工艺等；",,,,,,,基于公开网页资料自动抽取，导入知识库前请人工复核。,化学化工实验室安全管理规范 | https://sbc.sysu.edu.cn/article/570,网页,化学化工实验室安全管理规范,中山大学设备与实验室管理处,,2020-05-25,https://sbc.sysu.edu.cn/article/570,2026-03-15,,approved,化学实验室;安全管理;危化品,zh-CN
WEB-007-012,化学化工实验室安全管理规范（片段12）,化学,安全管理,化学,4,危化品;综合,化学实验室安全管理规范包含哪些内容,化学实验室安全管理规范包含哪些内容,"害等特殊状态下的安全。
11.3 实验室应从化学品、人员、仪器/设备、环境、设施等方面进行危险源辨识。
11.4 风险评估应考虑（但不限于）以下内容：
a）常规和非常规活动，包括新引入的化学品危害及安全措施、新开放或引入的化学反应或工艺等；
b）正常工作时间和正常工作时间之外所进行的活动；
c）所有进入实验室的人员的活动；
d）人员因素，包括行为、能力、身体状况、可能影响工作的压力等；
e）源自工作场所外的活动，对实验室内人员的健康产生的不利影响；
f）工作场所附近，相邻区域的实验室相关活动对其产生的风险；
g）工作场所的设施、设备和材料，无论是本实验室还是外界提供的；
h）实验室功能、活动、材料、设备、环境、人员、相关要求等发生变化；
i）安全管理体系的更改，涉及对运行、过程和活动的影响；
j）任何与风险评估和必要的控制措施实施相关的法定要求；
k）实验室结构和布局、区域功能、设备安装、运行程序和组织结果，以及人员的适应性；
l）本实验室或相关实验室已发生的安全事故。
11.5 发生以下情况时，应重新进行风险评估：
a）采用新的设备、材料、方法、环境、人员发生变化或改变实验室结构的功能时；
b）包括物质存储或使用的实验室分区执行的任务发生改变之前；
c）变更工作流程时；
d）发生事故后。
12
安全风险管控
12.1 管控原则
12.1.1 实验室应根据危害辨识和风险评估制定相应的风险控制措施。
12.1.2 在控制风险时，宜采用风险分级管控，控制顺序如下：
a）消除来自实验室的危险源；
b）采用替代物或替代方法来减少风险；
c）隔离危险源来控制风险；
d）应用工程控制、抑制或减少接触，例如局部排风通风；
e）采用安全工作行为最小化接触，包括改变工作方法；
f）在采用其他的有效控制危险源的方法不可行时，使用合适的个体防护装备。以上措施仍无法将风险降低到可接受的水平，应再次进行安全风险评估，直至停止工作。
12.2 一般性风险管控
12.2.1 实验室内严禁饮食，严禁吸烟。
12.2.2 实验室特定区域如化学品存放处、易燃易爆物品存放处、气瓶存放处等严禁烟火。
12.2.3 实验室应配备足够、有效且适用的个体防护装备，包括但不限于：实验服、护目镜、防护面罩、防护口罩、防毒面具、安全帽、防护手套；个体防护装备的配备要求和选用规范应分别参照GB/T29510-2013和GB/T11651-2008。
12.2.4 实验人员应按规定穿戴防护服、长裤、手套、护目镜、口罩等必要的防护用具，在有化学品沾染或转动部件卷入风险的情况下长发应盘发或带帽，不得穿高跟鞋、凉鞋、拖鞋、短裤、短裙等露手腕、脚踝部位的衣服进入实验室。
12.2.5 危险物品和设备不得放于走廊上。
12.2.6 实验室所有人员均应明确所在岗位所必需的防护。",,,,,,,基于公开网页资料自动抽取，导入知识库前请人工复核。,化学化工实验室安全管理规范 | https://sbc.sysu.edu.cn/article/570,网页,化学化工实验室安全管理规范,中山大学设备与实验室管理处,,2020-05-25,https://sbc.sysu.edu.cn/article/570,2026-03-15,,approved,化学实验室;安全管理;危化品,zh-CN
WEB-007-013,化学化工实验室安全管理规范（片段13）,化学,安全管理,化学,4,危化品;综合,化学实验室安全管理规范包含哪些内容,化学实验室安全管理规范包含哪些内容,"具，在有化学品沾染或转动部件卷入风险的情况下长发应盘发或带帽，不得穿高跟鞋、凉鞋、拖鞋、短裤、短裙等露手腕、脚踝部位的衣服进入实验室。
12.2.5 危险物品和设备不得放于走廊上。
12.2.6 实验室所有人员均应明确所在岗位所必需的防护。
12.2.7 实验室公共区域应配备必需的防护设施和设备。
12.2.8 实验室现场人员包括本单位、外访、供应商等在所有工作时间正确穿戴个体防护装备。
12.2.9 所有物品使用完后应放回指定储存或回收位置。
12.3 化学品风险管控
12.3.1 使用化学品时，应按化学品的危害程度，选择合适的个体防护装备。
12.3.2 化学品的移取、称量、操作应根据其危害性在通风橱、平衡通风罩（VBE）、手套箱内或特定的区域进行。
12.3.3 使用易燃、易爆气体的房间，应根据气体可燃性或危险性安装相应的可燃气体报警器。
12.4 实验室废弃物风险管控
12.4.1 实验室产生的废弃物应分类统一收集、管理，并由有处理资质的单位进行处理。
12.4.2 实验室废弃化学品应按照GB/T31190-2014的要求进行分类、收集、贮存、日常管理等。
12.4.3 实验室危险废物应按照GB18597-2001、HJ2025-2012的要求进行收集、贮存和处置等。
12.4.4 实验室应编制废弃物收集的相关作业指导书，并保留废弃物收集、转运与处理记录。
12.4.5 废液和废化学品应按照性质，用无破损且不会被废液腐蚀、溶解/溶胀的容器进行收集。瓶上应有废液标签，标明废液成分、组成、质量或体积、酸碱性、危害性、日期等信息。
12.4.6 固体废弃物应包装好后粘贴废弃物标签，明确固体物成分、组成、质量、危害性、日期等信息。
12.4.7 实验室产生的有毒、有害废气，应采取有效措施进行处理，达标后排放。
12.4.8在实验室内处理有毒、有害、不稳定化学品、自燃化学品、氧化物等危险化学品之前应对处理的方法进行安全评估，并编制专项处置方案和应急预案，确保处理过程安全可控，处理人员应严格按照处理方法进行操作。
12.4.9 泄漏或渗漏危险化学品的包装容器应放置在合适的托盘或容器内迅速移至安全区域进行处理。
12.4.10 实验室废弃物存放处应有明显标识。
12.4.11下述（不仅限于）所列的废液不应互相混合：a）过氧化物与有机物；b）氰化物、硫化物、次氯酸盐与酸；c）盐酸、氢氟酸等挥发性酸与不挥发性酸；d）浓硫酸、磺酸、羟基酸、聚磷酸等酸类与其它的酸；e）铵盐、挥发性胺与碱。
12.4.12 应设置专门的尖锐物回收盒收集废弃的尖利物品，如：针头、刀片、破碎玻璃器皿或仪器等。
12.4.13 应予以处理的废液的最低浓度、收集分类及处理方法见附录B。
12.5 玻璃器具风险管控",,,,,,,基于公开网页资料自动抽取，导入知识库前请人工复核。,化学化工实验室安全管理规范 | https://sbc.sysu.edu.cn/article/570,网页,化学化工实验室安全管理规范,中山大学设备与实验室管理处,,2020-05-25,https://sbc.sysu.edu.cn/article/570,2026-03-15,,approved,化学实验室;安全管理;危化品,zh-CN
WEB-007-014,化学化工实验室安全管理规范（片段14）,化学,安全管理,化学,4,危化品;综合,化学实验室安全管理规范包含哪些内容,化学实验室安全管理规范包含哪些内容,"类与其它的酸；e）铵盐、挥发性胺与碱。
12.4.12 应设置专门的尖锐物回收盒收集废弃的尖利物品，如：针头、刀片、破碎玻璃器皿或仪器等。
12.4.13 应予以处理的废液的最低浓度、收集分类及处理方法见附录B。
12.5 玻璃器具风险管控
12.5.1 不同种类的玻璃器具应分类存放，不得与其他物品混放，存放处的外壁应有标签写明种类和数量。
12.5.2 所有玻璃器具使用时，应选择合适的个体防护装备。
12.5.3 玻璃器具被加热时，应有防护板或隔离板。
12.5.4 使用明火加热或电炉直接加热玻璃容器时，应有透明保护罩或戴防护罩。
12.5.5明火或电炉不能加热装有机物的敞口玻璃容器。
12.6仪器/设备风险管控
12.6.1反应器、分离等金属设备的取样口、连接口等部位应有防护板。
12.6.2有马达、皮带轮、轴承等转动部件，应有封闭金属防护网或防护罩。
12.6.3仪器/设备操作时，应根据需要选择合适的个体防护装备。
12.7其他风险管控
12.7.1对于产生噪声危害的设备，应进行降噪处理，操作人员应进行听力防护。
12.7.2使用危险性、腐蚀性、可燃性气体房间，未经许可不应使用明火或电炉加热。
12.7.3实验室应配备紧急医疗用品急救药箱，包括但不限于：创可贴、碘伏、棉签、绷带、止血带等临时医疗用品；如果使用氢氟酸（HF），还应配备葡萄糖酸钙凝胶（解毒剂），经医护人员培训指导后使用。
12.7.4 实验室应根据风险评估的结果，结合从相关的MSDS、GB/T29510-2013和GB/T11651-2008中获取的信息，决定是否需要使用额外的或更专业化的个体防护装备，如隔绝式呼吸器等。
13
应急管理
13.1实验室应急管理应遵守国家和地方的法律、法规、标准和其他要求。
13.2实验室应制定包括但不限于以下情况发生时的专项应急预案或现场处置方案：火灾、爆炸、化学品泄漏、中毒、烧伤、冻伤、电击、电离辐射。应急预案的编制可参见GB/T29639-2013的相关要求。
13.3实验室应定期开展应急演练。
13.4实验室内发生火灾、爆炸、化学品泄漏、辐射、触电等紧急情况时应立即做出响应。
13.5实验室危险化学品应急管理应参照AQ/T3052-2015。
13.6使用剧毒气体的实验室应配备专业处置人员或消防员。
13.7实验室上一级部门应掌握实验室危害辨识、风险评估与应急预案情况，必要时采取相应措施。
参考文献
[1] GB/T1.1-2009标准化工作导则第1部分：标准的结构和编写
[2] GB/T13005-2011气瓶术语
[3] GB13690-2009化学品分类和危险性公示通则
[4] GB15603常用危险化学品贮存通则
[5] GB18218-2018危险化学品重大危险源辨识
[6] GB/T27476检测实验室安全",,,,,,,基于公开网页资料自动抽取，导入知识库前请人工复核。,化学化工实验室安全管理规范 | https://sbc.sysu.edu.cn/article/570,网页,化学化工实验室安全管理规范,中山大学设备与实验室管理处,,2020-05-25,https://sbc.sysu.edu.cn/article/570,2026-03-15,,approved,化学实验室;安全管理;危化品,zh-CN
WEB-007-015,化学化工实验室安全管理规范（片段15）,化学,安全管理,化学,4,危化品;综合,化学实验室安全管理规范包含哪些内容,化学实验室安全管理规范包含哪些内容,"B/T13005-2011气瓶术语
[3] GB13690-2009化学品分类和危险性公示通则
[4] GB15603常用危险化学品贮存通则
[5] GB18218-2018危险化学品重大危险源辨识
[6] GB/T27476检测实验室安全
[7] GB/T28001-2011职业健康安全管理体系要求
[8] GB/T28002-2011职业健康安全管理体系实施指南
[9] GB50058-2014爆炸危险环境电力装置设计规范
[10] HG20571-2014化工企业安全卫生设计规范
[11] DB11/T1191.1-2018实验室危险化学品安全管理规范第1部分：工业企业
[12] DB11/T1191.2-2018实验室危险化学品安全管理规范第2部分：普通高等学校
[13]ISO45001:2018 Occupational health and safety management systems Requirements with guidance for use",,,,,,,基于公开网页资料自动抽取，导入知识库前请人工复核。,化学化工实验室安全管理规范 | https://sbc.sysu.edu.cn/article/570,网页,化学化工实验室安全管理规范,中山大学设备与实验室管理处,,2020-05-25,https://sbc.sysu.edu.cn/article/570,2026-03-15,,approved,化学实验室;安全管理;危化品,zh-CN
WEB-009-001,实验室危险废弃物安全处置管理办法,化学,危废管理,化学,4,危废;三废,实验室危险废弃物安全处置有哪些要求,实验室危险废弃物安全处置有哪些要求,"中国地质大学（武汉）实验室危险废弃物安全处置管理办法
发布人：
发表时间：2016-11-09
点击：
为加强实验室危险废弃物的处置管理，防止污染环境，保障学校实验教学的顺利进行，保护参加实验教学的教师、学生的身体健康，实现实验室危险废弃物处置管理的制度化、规范化，根据《中华人民共和国环境保护法》、《中华人民共和国固体废物污染环境防治法》及《废弃危险化学品污染环境防治办法》等相关法律法规，特制定本办法。
第一章 总 则
第一条 学校实验室技术安全领导小组负责统一领导全校实验室危险废弃物的管理工作。实验室设备处负责执行具体的管理责任。
第二条 实验室危险废弃物（以下简称“三废”），是指实验室在教学、科研活动等过程中所产生的，列入《国家危险废物名录》或根据国家规定的危险废弃物鉴别标准和鉴别方法认定的有毒有害化学废液、废气、废渣、粉尘及其污染物。
第三条 实验室“三废”的安全处置原则是“分类收集、定点存放、专人管理、集中处理”。对进入实验室的工作人员和学生必须进行实验室安全知识教育，熟知“三废”处置原则和规定。
第四条 实验室“三废”处置包括收集、暂存、转移及处理等环节工作。各学院或重点实验室“三废”处置管理组织体系应与本单位危险化学品管理组织体系相同，同时需确定专职人员负责“三废”处置日常管理工作，宣传、贯彻、执行国家和学校有关“三废”安全管理的法规、制度；责任人负责收集、暂存本单位各实验室产生的“三废”，并负责将“三废”转交实验室设备处集中处置。
第五条 学校设立“实验室危险废弃物处置基金”，专门用于处理“三废”。全校所有教学、科研实验室产生的“三废”其处置费用由实验室设备处统一支付。
第六条 学校对严格执行本办法，主动收集、严格管理、安全工作做得好的单位和个人，在年终学校实验室技术安全管理工作评优时应予表彰和奖励。对违反本办法的单位和个人，实施一票否决制，除责令整改、通报批评外，年度考核不得评优；造成严重后果的，由司法机关追究有关人员的刑事责任。
第二章 收集、暂存、转移及处理要求
第七条 学校实行实验室“三废”处置管理责任“二层”落实制度，学校与各学院或国家重点实验室之间、各学院或国家重点实验室与各实验室之间，须分别签订《实验室危险废弃物规范化处置责任书》（各层责任书样本在实验室设备处网站下载）。
第八条 实验室负责人有责任对进入实验室进行教学或科研活动的人员进行“三废”处置方面的培训、管理与监督。
第九条 各单位按需向实验室设备处安全与材料管理科领取“三废”回收容器及《实验废弃物标签》，按标签要求详细填写废弃物的名称、主要成分、类别、时间、责任人等信息并粘贴在废液桶上。",,,,,,,基于公开网页资料自动抽取，导入知识库前请人工复核。,实验室危险废弃物安全处置管理办法 | https://sbc.cug.edu.cn/info/1013/1172.htm,网页,实验室危险废弃物安全处置管理办法,中国地质大学（武汉）实验室与设备管理处,,2016-11-09,https://sbc.cug.edu.cn/info/1013/1172.htm,2026-03-15,,approved,危废;三废;处置,zh-CN
WEB-009-002,实验室危险废弃物安全处置管理办法（片段2）,化学,危废管理,化学,4,危废;三废,实验室危险废弃物安全处置有哪些要求,实验室危险废弃物安全处置有哪些要求,"进行教学或科研活动的人员进行“三废”处置方面的培训、管理与监督。
第九条 各单位按需向实验室设备处安全与材料管理科领取“三废”回收容器及《实验废弃物标签》，按标签要求详细填写废弃物的名称、主要成分、类别、时间、责任人等信息并粘贴在废液桶上。
第十条 实验室“三废”收集容器应存放在符合安全与环保要求的专门房间及室内特定区域，废液贮存时间不宜过长，要避免高温、日晒、雨淋，远离火源及生活垃圾，以免加速废液的化学反应。各实验室应根据产生危险废弃物情况制定具体的收集注意事项、意外事故防范措施及应急预案，并张贴于实验室危险废弃物收集容器旁明显处；同时也要张贴危险废弃物标志、实验室危险废弃物处置管理办法。
第十一条 实验后多余的、新产生的或失效（包括标签丢失、模糊）的危险废弃化学品，严禁乱丢乱倒。实验人员须将各类废弃物品分类包装、贴好标签后送各单位规定的危险废弃物存贮点，存贮点附近严禁明火。
第十二条 不具相容性的废弃物须分别收集，不相容废弃物的收集容器须分开存放，以免泄露物接触发生强烈的化学反应而造成事故。各实验室须根据本实验室产生的废物情况列出废物相容表或不相容表，悬挂于实验室明显处，并公告周知。
第十三条 各单位须定期对所贮存的收集容器和设施进行检查，发现破损应及时采取措施清理更换。
第十四条 学校定期、定点收集危险废弃物，选择有资质的专业厂家集中处理危险废弃物。
第十五条 严格控制污染源，实验过程产生的“三废”，提倡综合利用。
（一）废酸、废碱需中和后再行排放，严禁直接倒入下水道或普通垃圾桶。
（二）有机废液或有害残渣，须回收保存，由实验室设备处确定的有资质的专业回收公司回收，不得自行处理废弃物。
（三）低浓度的洗涤废水和无害废水可通过下水道进入废水处理系统，排放时其有害物质浓度不得超过国家和环保部门规定的排放标准。
（四）废液中浓度高的应集中贮存以便于回收某些组分，浓度低的经适当处理确认安全后，方能倒入废液桶。易挥发的废液应储存在密闭泄压容器内，防止挥发性气体逸出污染实验环境。
（五）实验产生的废气应达到国家相关排放标准后，通过通风柜和排风扇等排风设施排放；未达标的应采取中和、吸收等适当措施，处理达标后排放。
第三章 附 则
第十六条 各单位应根据本办法，结合实际情况另行制定相应的实施细则或管理规定。本办法未尽事项，按国家有关法律法规执行。
第十七条 本办法自公布之日起试行，由学校实验室设备处负责解释。",,,,,,,基于公开网页资料自动抽取，导入知识库前请人工复核。,实验室危险废弃物安全处置管理办法 | https://sbc.cug.edu.cn/info/1013/1172.htm,网页,实验室危险废弃物安全处置管理办法,中国地质大学（武汉）实验室与设备管理处,,2016-11-09,https://sbc.cug.edu.cn/info/1013/1172.htm,2026-03-15,,approved,危废;三废;处置,zh-CN
WEB-010-001,高等学校实验室安全规范（教育部）,通用,国家规范,通用,3,综合安全,教育部高等学校实验室安全规范有哪些核心要求,教育部高等学校实验室安全规范有哪些核心要求,"教育部办公厅关于印发《高等学校实验室安全规范》的通知
2023-02-21
教育部
教科信厅函〔2023〕5号
各省、自治区、直辖市教育厅（教委），新疆生产建设兵团教育局，有关部门（单位）教育司（局），部属各高等学校、部省合建各高等学校：
为加强高校实验室安全工作，确保广大师生人身安全和校园稳定，现将《高等学校实验室安全规范》印发给你们，请遵照执行。
教育部办公厅
2023年2月8日
附件：
《高等学校实验室安全规范》
高等学校实验室安全规范
第一章 总则
第一条 为了进一步加强高校实验室安全工作，有效防范和消除安全隐患，最大限度减少实验室安全事故，保障校园安全、师生生命安全和学校财产安全，根据《中华人民共和国安全生产法》《中华人民共和国消防法》《生产安全事故报告和调查处理条例》等国家法律法规，结合高校实际情况，制定本规范。
第二条 本规范中高校实验室，是指隶属于高校从事教学、科研等实验实训活动的场所及其所属设施。
第三条 高校实验室建设和使用应认真贯彻落实国家各项安全相关法律法规，保障实验活动安全有序进行。
第四条 高校实验室安全工作应坚持“安全第一、预防为主、综合治理”的方针，实现规范化、常态化管理体制，重点落实安全责任体系、管理制度、教育培训、安全准入、条件保障，以及危险化学品等危险源的安全管理内容。
第二章 实验室安全责任体系
第五条 校级安全责任体系
（一）学校应统筹管理实验室安全工作，把实验室安全工作纳入学校事业发展规划。
（二）学校实验室安全管理工作坚持“党政同责，一岗双责，齐抓共管，失职追责”原则。党政主要负责人是第一责任人，分管实验室工作的校领导是重要领导责任人，协助第一责任人负责实验室安全工作，其他校领导在分管工作范围内对实验室安全工作负有支持、监督和指导职责。
（三）设立校级实验室安全工作领导机构，并明确人员和分工。
（四）明确实验室安全主管职能部门、其他相关职能部门和二级教学科研单位（以下统称二级单位）实验室安全管理的职责，建立健全全员实验室安全责任制，配备足额的专职安全人员。
（五）与各相关二级单位签订实验室安全责任书。
（六）建立健全项目风险评估与管控机制，尤其要依托现代技术手段加强信息化建设，构建实验室安全全周期管理工作机制。
（七）建立健全实验室安全教育培训与准入体系。
（八）建立健全实验室安全分级分类管理体系。
（九）建立实验室安全隐患举报制度，公布实验室安全隐患举报邮箱、电话、信箱等。
第六条 二级单位安全责任体系
（一）二级单位党政负责人是实验室安全工作主要领导责任人。",,,,,,,基于公开网页资料自动抽取，导入知识库前请人工复核。,高等学校实验室安全规范（教育部） | https://www.cernet.edu.cn/ke_yan_yu_fa_zhan/gai_kuang/xin_wen_gong_gao/202302/t20230221_2301697.shtml,网页,高等学校实验室安全规范（教育部）,中国教育和科研计算机网,,2023-02-21,https://www.cernet.edu.cn/ke_yan_yu_fa_zhan/gai_kuang/xin_wen_gong_gao/202302/t20230221_2301697.shtml,2026-03-15,,approved,国家标准;教育部;实验室安全,zh-CN
WEB-010-002,高等学校实验室安全规范（教育部）（片段2）,通用,国家规范,通用,3,综合安全,教育部高等学校实验室安全规范有哪些核心要求,教育部高等学校实验室安全规范有哪些核心要求,"实验室安全教育培训与准入体系。
（八）建立健全实验室安全分级分类管理体系。
（九）建立实验室安全隐患举报制度，公布实验室安全隐患举报邮箱、电话、信箱等。
第六条 二级单位安全责任体系
（一）二级单位党政负责人是实验室安全工作主要领导责任人。
（二）二级单位应明确分管实验室安全的班子成员和各实验室安全管理人员。
（三）与所属各实验室负责人签订安全责任书。
（四）结合自身实际情况和学科专业特点，有针对性的建立实验室安全教育培训与准入制度。
（五）定期开展实验室安全各类隐患检查，对隐患整改实行闭环管理。
（六）建立应急预案，定期进行培训和实施演练。
第七条 实验室安全责任体系
（一）实验室负责人是本实验室安全工作的直接责任人，应严格落实实验室安全准入、隐患整改、个人防护等日常安全管理工作，切实保障实验室安全。
（二）项目负责人（含教学课程任课教师）是项目安全的第一责任人，须对项目进行危险源辨识和风险评估，并制定防范措施及现场处置方案。
（三）实验室负责人应指定安全员，负责本实验室日常安全管理。
（四）实验室负责人应与相关实验人员签订安全责任书或承诺书。
第八条 安全工作奖惩机制
（一）强化学校主体责任，根据“谁使用、谁负责，谁主管、谁负责”原则，把责任落实到岗位或个人。
（二）学校应将实验室安全工作纳入内部检查、日常工作考核和年终考评内容。对在实验室安全工作中成绩突出的单位和个人给予表彰和奖励；对履职尽责不到位的个人和所在单位，应予以批评和惩处，情节严重的追究其法律责任。
（三）发生实验室安全事故后，依法依规开展事故调查，严肃追究责任单位及责任人的事故责任。
第三章 实验室安全管理制度
第九条 学校和二级单位应建立健全实验室安全管理办法和制度，出台规范性文件，确保具有可操作性和实际管理效应，并充分考虑学科专业特点和实验用途，及时修订更新。
第十条 实验室安全管理制度主要包括以下方面。
（一）安全检查制度：对实验室开展“全员、全过程、全要素、全覆盖”的定期安全检查，核查安全制度、责任体系、安全教育落实情况和设备设施存在的安全隐患，实行问题排查、登记、报告、整改、复查的“闭环管理”。
（二）安全教育培训与准入制度：进入实验室学习或工作的所有人员应先进行安全知识、安全技能和操作规范培训，掌握设备设施、防护用品正确使用的技能，考核合格后方可进入实验室进行实验操作。
（三）项目风险评估与管控制度：凡涉及重要危险源，即有毒有害化学品（剧毒、易制爆、易制毒、爆炸品等）、危险气体（易燃、易爆、有毒、窒息）、动物及病原微生物、辐射源及射线装置、同位素及核材料、危险性机械加工装置、强电强磁与激光设备、特种设备等的教学、科研项目，应经过风险评估后方可开展实验活动。对存在重大安全隐患的项目，在未切实落实安全保障前，不得开展实验活动。",,,,,,,基于公开网页资料自动抽取，导入知识库前请人工复核。,高等学校实验室安全规范（教育部） | https://www.cernet.edu.cn/ke_yan_yu_fa_zhan/gai_kuang/xin_wen_gong_gao/202302/t20230221_2301697.shtml,网页,高等学校实验室安全规范（教育部）,中国教育和科研计算机网,,2023-02-21,https://www.cernet.edu.cn/ke_yan_yu_fa_zhan/gai_kuang/xin_wen_gong_gao/202302/t20230221_2301697.shtml,2026-03-15,,approved,国家标准;教育部;实验室安全,zh-CN
WEB-010-003,高等学校实验室安全规范（教育部）（片段3）,通用,国家规范,通用,3,综合安全,教育部高等学校实验室安全规范有哪些核心要求,教育部高等学校实验室安全规范有哪些核心要求,"爆、有毒、窒息）、动物及病原微生物、辐射源及射线装置、同位素及核材料、危险性机械加工装置、强电强磁与激光设备、特种设备等的教学、科研项目，应经过风险评估后方可开展实验活动。对存在重大安全隐患的项目，在未切实落实安全保障前，不得开展实验活动。
（四）危险源全周期管理制度：应对重要危险源进行采购、运输、储存、使用、处置等全流程全周期管理。采购和运输应选择具备相应资质的单位和渠道，储存要有专门储存场所并严格控制数量，使用时应由专人负责发放、回收和详细记录，实验后产生的废物应统一收储并依法依规科学处置。应对危险源进行风险评估，建立重大危险源安全风险分布档案和数据库，并制定危险源分级分类处置方案。
（五）安全应急制度：学校、二级单位和实验室应建立应急预案和应急演练制度，定期开展应急知识学习、应急处置培训和应急演练，保障应急人员、物资、装备和经费，保证应急功能完备、人员到位、装备齐全、响应及时。应定期检查实验防护用品与装备、应急物资的有效性。
（六）实验室安全事故上报制度：出现实验室安全事故后，学校应立即启动应急预案，采取措施控制事态发展，同时在1小时内如实向所在地党委、政府及其相关部门和高校主管部门报告情况，并抄报教育部，不得迟报、谎报、瞒报和漏报，并根据事态发展变化及时续报。
第四章 实验室安全教育培训、宣传
第十一条 开展教育培训活动
（一）学校每年开展面向全校教职工和学生的安全教育培训活动，并存档记录。
（二）学校和二级单位开展结合学科专业特点的应急演练，并对演练内容、参加人数、效果评价等进行有效记录。
（三）学校和二级单位根据实验需要，开展专业安全培训活动，并组织安全培训考试，新入职的教职工、新入学的学生均应参加并通过考试，对培训与考试进行有效记录。
（四）实验室应对进入实验室的人员进行操作工艺、设备使用、试剂或气体管理等标准操作规程的培训和评估，并记录存档。
第十二条 涉及重要危险源的高校应设置有学分的实验室安全课程或将安全准入教育培训纳入培养环节。
第十三条 加大安全教育宣传力度，提高师生安全意识。学校和二级单位应按照“全员、全面、全程”的要求，创新宣传教育形式，开展安全宣传、经验交流等活动，建设有特色的安全文化。
第五章 实验室教学、科研活动安全准入制度
第十四条 开展涉及重要危险源的教学、科研活动（包括学生实验课程、毕业设计、教师科研项目、自主立项研究、学科竞赛实验课程等）之前，项目负责人（含教学课程任课教师）应对实验项目在实验室实施过程中所涉及的内容进行危险源辨识、风险评估和控制，制定现场处置方案，指导有关人员做好安全防护；新录用人员在签订合同后、进入实验室前，应获得实验室准入资格。
第十五条 项目负责人（含教学课程任课教师）应针对本项目特点制定具体的安全管理措施和安全教育方案，对参与本项目的学生和工作人员等进行全员安全培训，依法履行安全告知义务。",,,,,,,基于公开网页资料自动抽取，导入知识库前请人工复核。,高等学校实验室安全规范（教育部） | https://www.cernet.edu.cn/ke_yan_yu_fa_zhan/gai_kuang/xin_wen_gong_gao/202302/t20230221_2301697.shtml,网页,高等学校实验室安全规范（教育部）,中国教育和科研计算机网,,2023-02-21,https://www.cernet.edu.cn/ke_yan_yu_fa_zhan/gai_kuang/xin_wen_gong_gao/202302/t20230221_2301697.shtml,2026-03-15,,approved,国家标准;教育部;实验室安全,zh-CN
WEB-010-004,高等学校实验室安全规范（教育部）（片段4）,通用,国家规范,通用,3,综合安全,教育部高等学校实验室安全规范有哪些核心要求,教育部高等学校实验室安全规范有哪些核心要求,"好安全防护；新录用人员在签订合同后、进入实验室前，应获得实验室准入资格。
第十五条 项目负责人（含教学课程任课教师）应针对本项目特点制定具体的安全管理措施和安全教育方案，对参与本项目的学生和工作人员等进行全员安全培训，依法履行安全告知义务。
第十六条 学生的研究选题，应包含针对开展实验研究所涉及安全风险的分析、防控和应急处置措施等内容并通过审查，或者单独就该选题进行安全分析并通过审查。
第十七条 进入实验室学习或工作的所有人员均应遵守实验室安全准入制度和安全管理制度，取得准入资格后，再严格按照实验操作规程或实验指导书开展实验。
第十八条 学校、二级单位或实验室应与进入实验室的相关方或外来人员签订合同或安全协议，明确双方的安全职责。
第六章 实验室安全条件保障
第十九条 经费保障
（一）学校每年做好实验室安全常规经费预算，保障安全工作正常运行。
（二）学校应有专项经费投入实验室建设，同时确保安全隐患整改工作及时落实。
（三）二级单位通过多元化投入，加强实验室安全建设与管理。
第二十条 物资与设施保障
（一）高校加强安全物资保障，配备必要的安全防护设施和器材，建立能够保障实验人员安全与健康的工作环境。
（二）实验室配备合适的消防设施，并定期开展使用训练。
（三）存在受到化学和生物伤害可能的区域，配置应急喷淋和洗眼装置。
（四）重点场所安装门禁和监控设施，并有专人管理。
第二十一条 加强队伍建设，有充足的人力保障
（一）学校根据实验室安全工作的实际情况和需求配备专职实验室安全管理人员，并不断提高其素质和能力。推进专业安全队伍建设，保障队伍稳定和可持续发展。
（二）学校和二级单位分别设立实验室安全督查队伍，定期开展安全检查，并提供检查报告和整改意见。实验室安全督查队伍可由在职教师、实验技术人员（含退休返聘人员）及校外专家组成。
（三）实验室安全管理相关负责人应接受实验室安全管理培训后上岗，并定期轮训。
第二十二条 实验室建筑安全保障
实验室工程项目（新建、改建、扩建、维修以及装修等）在论证、立项、建设以及验收时，应当依法依规进行，并通过学校实验室安全职能部门组织的审核后，方可实施。
第七章 实验室危险化学品安全管理
第二十三条 危险化学品须向具有生产经营许可资质的单位购买；剧毒化学品、易制毒化学品、易制爆化学品、麻醉药品和第一类精神药品、爆炸品等购买前须经学校审批，报公安部门批准或备案后，向具有经营许可资质的单位购买，并保留报批及审批记录；麻醉药品、精神药品等购买前还须向药品监督管理部门申请，报批同意后向定点供应商采购。
第二十四条 对危险化学品建立动态管理台账，实验室设置专用存放空间并科学有序存放，存放的危险化学品总量符合规定要求，并按照化学试剂性质分类规范存放，化学品（含配制试剂）标签应完整清晰。",,,,,,,基于公开网页资料自动抽取，导入知识库前请人工复核。,高等学校实验室安全规范（教育部） | https://www.cernet.edu.cn/ke_yan_yu_fa_zhan/gai_kuang/xin_wen_gong_gao/202302/t20230221_2301697.shtml,网页,高等学校实验室安全规范（教育部）,中国教育和科研计算机网,,2023-02-21,https://www.cernet.edu.cn/ke_yan_yu_fa_zhan/gai_kuang/xin_wen_gong_gao/202302/t20230221_2301697.shtml,2026-03-15,,approved,国家标准;教育部;实验室安全,zh-CN
WEB-010-005,高等学校实验室安全规范（教育部）（片段5）,通用,国家规范,通用,3,综合安全,教育部高等学校实验室安全规范有哪些核心要求,教育部高等学校实验室安全规范有哪些核心要求,"还须向药品监督管理部门申请，报批同意后向定点供应商采购。
第二十四条 对危险化学品建立动态管理台账，实验室设置专用存放空间并科学有序存放，存放的危险化学品总量符合规定要求，并按照化学试剂性质分类规范存放，化学品（含配制试剂）标签应完整清晰。
第二十五条 管制化学品的安全管理须符合治安管理要求，严格执行各项规定。剧毒化学品执行“五双”管理（即双人验收、双人保管、双人发货、双把锁、双本账），单独存放、不得与易燃、易爆、腐蚀性物品等一起存放，有专人管理并做好贮存、领取、发放情况登记，登记资料至少保存1年，防盗等技防措施符合管制要求；易制毒化学品应设置专用存储区或者专柜储存并有防盗措施，其中第一类易制毒化学品、药品类易制毒化学品实行双人双锁管理，账册保存期限不少于2年；易制爆化学品存量合规，设立专用存储区或者专柜储存并有防盗与防爆措施，符合双人双锁管理要求；麻醉药品和第一类精神药品应当有专用账册，设立专用存储区或者专柜储存，专用存储区与专柜的防盗等技防措施符合管制要求，实行双人双锁管理；爆炸品单独隔离、限量存储，使用、销毁按照公安部门要求执行。
第二十六条 进口危险化学品应当向国务院安全生产监督管理部门负责危险化学品登记的机构办理危险化学品登记。
第二十七条 学校应建有危险品存储区、化学实验废物贮存站，对化学实验废物集中定点存放。
第二十八条 建立化学实验危废管理制度，按要求制定实验危废管理计划并报生态环境部门备案；委托有相应危险废物经营许可证的单位，对实验危废进行清运、处置。
第八章 附则
第二十九条 对因违反国家法律法规、违反学校安全管理相关规定、操作失误、未履行安全管理职责等造成实验室安全责任事故、事件的，将进行严肃追责问责，具体参照高校实验室安全事故事件追责问责相关办法。
第三十条 高校应根据本规范，结合本校实际情况，制定各项具体实施办法。各类实验室要符合国家行业相关实验室标准。
第三十一条 本规范自发布之日起施行。
特别声明：本站注明稿件来源为其他媒体的文/图等稿件均为转载稿，本站转载出于非商业性的教育和科研之目的，并不意味着赞同其观点或证实其内容的真实性。如转载稿涉及版权等问题，请作者在两周内速来电或来函联系。
相关阅读
4月15日截止！2024年“科学探索奖”启动申报
教育部举行2023年年终总结会
中国千校万企协同创新工作研讨会在京举办
重磅！2023年度国内、国际十大科技新闻发布
李路明同志任清华大学校长
76项！2023年吴文俊人工智能科学技术奖初评名单公示
基金委发布！10种行为将被认定是科研不端行为
重磅！2023何梁何利奖全名单公布
国家科学技术奖励工作办公室关于2023年度国家科学技术奖提名工作的...
2023年国家科学技术奖提名工作常见问答
学习二十大 教育在行动
深化教育评价改革，破除“五唯”顽疾
高校科技创新重大成就",,,,,,,基于公开网页资料自动抽取，导入知识库前请人工复核。,高等学校实验室安全规范（教育部） | https://www.cernet.edu.cn/ke_yan_yu_fa_zhan/gai_kuang/xin_wen_gong_gao/202302/t20230221_2301697.shtml,网页,高等学校实验室安全规范（教育部）,中国教育和科研计算机网,,2023-02-21,https://www.cernet.edu.cn/ke_yan_yu_fa_zhan/gai_kuang/xin_wen_gong_gao/202302/t20230221_2301697.shtml,2026-03-15,,approved,国家标准;教育部;实验室安全,zh-CN
WEB-012-001,实验室常见危险设备操作注意事项,通用,设备安全,通用,4,机械;高温;高压,实验室常见危险设备操作有哪些注意事项,实验室常见危险设备操作有哪些注意事项,"实验室常见危险设备操作注意事项
一、灭菌锅的使用注意事项
灭菌锅内必须用纯化水或蒸馏水。
待灭菌的物品放置不宜过紧。
打开灭菌锅电源，并务必确保烘箱关闭，烘箱和灭菌锅不可同时打开。
加水要加到指定的标度或深度,太多会延长沸腾时间,降低灭菌功效,加水过少,就有将灭菌锅煮干引起炸裂的危险。
灭菌结束后（一般灭菌温度为121℃，时间为20分钟），灭菌锅会发出“滴滴”叫声，此时，关闭电源按钮，打开排气阀，使得蒸汽缓慢排出。
切忌不可立刻将排气阀全部打开，造成蒸汽大量排放。
当所有蒸汽排空，显示器上的压力为0，温度降为90℃以下，方可打开灭菌锅盖，然后戴上棉手套将样品取出，冷却备用。
打开灭菌锅盖时，人要站在灭菌锅两侧，缓慢将盖子打开。
二、通风橱的使用注意事项
通风橱的作用是保护实验人员远离有毒有害气体。
通风橱内进行危险反应，要戴防护眼镜。
实验人员在通风柜实验进行中时，应避免将头伸入调节门内，以避免危险；
通风柜内应避免放置过多非必要物品、器材，以免干扰空气的正常流动，造成扰（湍）流。
实验物品、器材放置在通风柜内时，应距离调节门内侧150mm左右，以确保排气之顺畅（ASHRAE-110）。
操作人员在结束工作，离开通风柜前，应将通风柜内设备电源关闭，并将所有水、电、气开关予以关闭，并将调节门降至最低位置后方可离开。
通风柜内虽均为进口高分子耐蚀材料，但为长保如新，延长使用寿命，适当的清洁保养是必要的，平时使用时若有试剂、药品喷溅应即时拭擦、清除。
三、气体钢瓶的使用注意事项
钢瓶内的物质经常处于高压状态，当钢瓶跌落、遇热、甚至不规范的操作时都可能会发生爆炸等危险。所以在搬运气体钢瓶时需要小心谨慎。钢瓶应套上安全帽，用专用钢瓶车搬动。在实验室使用的钢瓶应确保单独靠放在试验台或墙壁并用铁索固定以防倾倒。钢瓶内压缩气体除易爆、易喷射外，许多气体易燃有毒且具腐蚀性。因此使用钢瓶时应注意下述几点：
钢瓶上原有的各种标记、刻印等一律不得除去。所有气体钢瓶必须装有调压阀。
限制存放在实验室的钢瓶数量和压缩气体容积，实验室内严禁存放氢气。",,,,,,,基于公开网页资料自动抽取，导入知识库前请人工复核。,实验室常见危险设备操作注意事项 | https://life.sjtu.edu.cn/Data/View/6077,网页,实验室常见危险设备操作注意事项,上海交通大学生命科学技术学院,,2026-03-20,https://life.sjtu.edu.cn/Data/View/6077,2026-03-15,,approved,危险设备;离心机;灭菌器,zh-CN
WEB-012-002,实验室常见危险设备操作注意事项（片段2）,通用,设备安全,通用,4,机械;高温;高压,实验室常见危险设备操作有哪些注意事项,实验室常见危险设备操作有哪些注意事项,"定以防倾倒。钢瓶内压缩气体除易爆、易喷射外，许多气体易燃有毒且具腐蚀性。因此使用钢瓶时应注意下述几点：
钢瓶上原有的各种标记、刻印等一律不得除去。所有气体钢瓶必须装有调压阀。
限制存放在实验室的钢瓶数量和压缩气体容积，实验室内严禁存放氢气。
氧气钢瓶的调压阀、阀门及管路禁止涂油类或酯类。结束使用时，须将调压阀及管路内的残余气体放空以保护调压阀。
钢瓶使用完，关闭出气阀后，需放上安全帽（原设计中无需安全帽的除外）。安全帽必须套紧。使用时取下安全帽，取下后必须谨慎小心以免无意中打开钢瓶主阀。
在操作有毒或腐蚀性气体时，应戴防护眼镜、面罩、手套和工作围裙。
不得将钢瓶完全用空（尤其是乙炔、氢气、氧气钢瓶）必须留存一定的正压力，并且将阀门关紧，套上安全帽，以防阀门受损。空的或不再使用的钢瓶（空钢瓶应标注“空”字）应立即退还供应商。同时钢瓶不得放于走廊与门厅，以防紧急疏散时受阻及其它意外事件的发生。应经常检查钢瓶是否泄漏。
四、液氮的使用注意事项
制冷剂会引起冻伤；少量制冷剂接触眼睛会导致失明；少量的液氮可以产生许多气体，液氮的快速蒸发可能会造成现场空气缺氧。
处理接触液氮的任何事情都要带上绝缘防护手套。
穿上长度过膝的长袖实验服。
穿上封闭式的鞋，带好防护眼镜，必要时戴防护面罩。
保持操作环境的空气畅通。
五、离心机的使用注意事项
固液分离，特别是对含有很小固体颗粒的悬浊液进行分离时，离心分离是一种非常有效的途径。
在使用离心机时，离心管必须对称平衡，或应用水平平衡物以保持离心机旋转平衡。
离心机启动前应先盖好离心机的盖子，先在较低的速度下启动，然后再调节所需的离心速度。
当离心操作结束时，必须等到离心机停止转动后才能打开盖子，决不能在离心机转动时打开盖子或用手触摸离心机的转动部分。
玻璃离心管要求较高的质量，塑料离心管中不能放入热溶液或有机溶剂以免在离心时管子变形。
离心的溶液一般控制在离心管体积的一半左右，切不能放入过多的液体以免在离心时液体外逸。
六、冰箱和冰柜的使用注意事项
实验室的冰箱均应设有防爆装置。冰箱和冰柜适用于存放挥发性溶剂，热敏感化合物，高活性物质及培养单晶的化合物等。
严禁在实验室冰箱和冰柜内存放食品。
所有存放于冰箱及冰柜中的化学品均应有规范的标签。
放于冰箱和冰柜内的所有容器必须密封，并定期清洁冰箱及清除不需要的样品和试剂。
七、烘箱及真空干燥器的使用注意事项
烘箱及真空干燥器是用来干燥固体样品中少量的水分和可能存在的有机溶剂。
温度：常规用途为烘干实验器皿，温度不超过50 ℃；若对烘干时间有要求，可临时设置75 ℃，但须在烘箱表面附上便签纸，并且人不可长时间离开。
在使用时不准将二种不同的样品同时放入一个干燥箱内进行干燥，以免样品交叉污染。
需干燥的样品必须用玻璃盖或有小孔的铝箔覆盖。",,,,,,,基于公开网页资料自动抽取，导入知识库前请人工复核。,实验室常见危险设备操作注意事项 | https://life.sjtu.edu.cn/Data/View/6077,网页,实验室常见危险设备操作注意事项,上海交通大学生命科学技术学院,,2026-03-20,https://life.sjtu.edu.cn/Data/View/6077,2026-03-15,,approved,危险设备;离心机;灭菌器,zh-CN
WEB-012-003,实验室常见危险设备操作注意事项（片段3）,通用,设备安全,通用,4,机械;高温;高压,实验室常见危险设备操作有哪些注意事项,实验室常见危险设备操作有哪些注意事项,"验器皿，温度不超过50 ℃；若对烘干时间有要求，可临时设置75 ℃，但须在烘箱表面附上便签纸，并且人不可长时间离开。
在使用时不准将二种不同的样品同时放入一个干燥箱内进行干燥，以免样品交叉污染。
需干燥的样品必须用玻璃盖或有小孔的铝箔覆盖。
真空烘箱加热应缓慢。加热后的真空烘箱应该冷却到室温后再解除真空。
解除真空应缓慢进行以防止样品飞溅。
八、加热操作注意事项
加热通常有四种方法：油浴、水浴、加热套、电炉。加热过程一定要有人值守，防止遗忘后过度加热造成火灾。
油浴是化学反应中最常用的加热方法，一般采用硅油，油浴加热时切忌有水滴入，以免热油飞溅伤害人体，放置时间较长的油浴应缓慢加热，使水汽逐渐挥发后才可使用。已变质的油浴应及时更换。
加热套常用于回流反应，加热套和烧瓶的尺寸要匹配，尽可能避免加热套被化学药品污染，以免化学品受热分解，发散有毒气体。
使用热水浴时要注意水浴中的水量，避免水被蒸发干，发生事故。
电炉用于加热水和烘层析板，使用时必须有人照看，不能用手触摸加热板。
快速导航
上海交通大学
上海交通大学Bio-X研究院
仪器共享与技术服务平台
国家级实验教学示范中心
微生物代谢全国重点实验室
联系我们
邮编：200240
上海交通大学生命科学技术学院 Copyright © 2020 沪交ICP备05029. All Rights Reserved.",,,,,,,基于公开网页资料自动抽取，导入知识库前请人工复核。,实验室常见危险设备操作注意事项 | https://life.sjtu.edu.cn/Data/View/6077,网页,实验室常见危险设备操作注意事项,上海交通大学生命科学技术学院,,2026-03-20,https://life.sjtu.edu.cn/Data/View/6077,2026-03-15,,approved,危险设备;离心机;灭菌器,zh-CN
KB-1026,辐射安全-辐射工作准入要求,辐射,辐射防护,辐射,4,辐射;放射性,辐射实验室准入与防护要求,进入辐射实验室需要哪些资质和防护要求？,辐射工作人员必须通过环保部门组织的培训，取得《辐射安全与防护培训合格证书》后方可上岗。进行放射性实验前必须由导师进行防护知识培训和安全教育。操作时须采取屏蔽、距离、时间三大防护原则，正确佩戴个人剂量计并接受定期个人剂量监测。购置放射源、射线装置须经学校审批，新建放射性工作场所须经环保部门批准。,取得辐射安全培训合格证;接受导师防护培训;佩戴个人剂量计;严格按SOP操作;定期剂量监测,个人剂量计;防护服;手套;必要时铅围裙,禁止无证上岗;禁止独自操作高风险放射源;禁止在非指定区域操作,放射性废物按国家标准分类存放，交有资质机构处置,发生放射性污染立即疏散，通知辐射安全负责人并就医,放射源丢失或意外照射立即上报学校和环保部门,遵守《放射性同位素与射线装置安全和防护条例》,北京大学医学部实验室安全手册;教育部《高等学校实验室安全规范》,制度,高等学校实验室安全规范（辐射安全部分）,教育部/北京大学医学部,2023,2023-02-21,https://www.cernet.edu.cn/ke_yan_yu_fa_zhan/gai_kuang/xin_wen_gong_gao/202302/t20230221_2301697.shtml,2026-03-15,,draft,辐射;放射性;防护;准入,zh-CN
KB-1027,辐射安全-放射性污染应急处置,辐射,辐射应急,辐射,5,辐射;放射性污染,放射性污染或意外照射,发生放射性污染或意外照射怎么办？,发生放射性同位素丢失、意外照射或放射性污染事故时，应立即疏散周围人员并隔离污染区域，禁止无关人员进入。皮肤污染应立即用流水和肥皂清洗，眼部污染用大量清水冲洗。第一时间通知实验室辐射安全负责人和学校主管部门，根据事故级别逐级上报至生态环境部门。保留事故现场，配合专业人员勘查处置。,疏散人员并隔离区域;皮肤或眼部污染立即冲洗;通知辐射安全负责人;按级别上报环保部门;配合专业机构处置,防护服;手套;个人剂量计;必要时铅围裙,禁止独自处置高风险污染;禁止自行丢弃放射性废物,放射性废物由有资质专业机构统一处置,皮肤污染用流水清洗；内照射或大剂量照射立即就医,立即疏散隔离，逐级上报，启动辐射事故应急预案,遵守《放射性同位素与射线装置安全和防护条例》，须在1小时内上报,北京大学医学部实验室安全手册,应急预案,放射性事故应急处置规范,教育部/高校通用,2023,2023-02-21,https://reagent.bjmu.edu.cn/file/20230414134400495_%E5%AE%9E%E9%AA%8C%E5%AE%A4%E5%AE%89%E5%85%A8%E6%89%8B%E5%86%8C%E5%8D%B0%E5%88%B7%E7%89%8820210610.pdf,2026-03-15,,draft,辐射;放射性污染;应急;事故处置,zh-CN
KB-1028,激光安全-激光器操作规范,电气,激光安全,光学,4,激光;强光辐射,激光器操作与防护,使用激光器时有哪些安全注意事项？,操作激光器时严禁用眼睛直视激光束，包括反射光。不可见的红外激光束尤其危险，须了解光路布局，避免使头部处于激光束水平面。禁止在激光路径上放置易燃物（如黑色纸张、布料、皮革）。操作时摘除所有带反光面的首饰等物品。激光实验室须配备安全屏蔽设施，功率较大的激光器须有互锁装置和防护罩，设置黄色安全警示线。使用前须经过专门培训并留有培训记录。,检查防护设施与互锁装置;清除光路上的易燃物;摘除反光饰物;佩戴对应波长激光护目镜;按SOP开机并确认光路安全,激光专用防护目镜（对应波长）;实验服,禁止直视激光束;禁止在光路附近放易燃物;禁止未培训上岗,损坏的光学元件按一般固废处理,激光伤害眼睛立即用清水冲洗并就医，皮肤灼伤按热灼伤处理,设备故障立即断电并报告实验室管理员,遵守GBZ 2.2激光辐射职业接触限值；实验室接触强度不得超过规定限值,上海交通大学中英国际低碳学院实验室安全与管理规范;北京交通大学实验室安全管理办法,SOP,激光安全操作规范,上海交通大学/高校通用,2021,2021-01-01,https://lcc.sjtu.edu.cn/Assets/userfiles/sys_eb538c1c-65ff-4e82-8e6a-a1ef01127fed/files/sysgl/%E4%B8%8A%E6%B5%B7%E4%BA%A4%E9%80%9A%E5%A4%A7%E5%AD%A6%E4%B8%AD%E8%8B%B1%E5%9B%BD%E9%99%85%E4%BD%8E%E7%A2%B3%E5%AD%A6%E9%99%A2%E5%AE%9E%E9%AA%8C%E5%AE%A4%E5%AE%89%E5%85%A8%E4%B8%8E%E7%AE%A1%E7%90%86%E8%A7%84%E8%8C%83.pdf,2026-03-15,,draft,激光;光学;强光;防护,zh-CN
KB-1029,低温安全-液氮操作规范,化学,低温安全,通用,4,低温;冻伤;窒息,液氮取用与储存操作,使用液氮时需要注意什么？,液氮温度极低（-196摄氏度），可造成严重冻伤，且快速蒸发会使密闭空间严重缺氧。使用前确认房间门窗打开、通风良好；确认皮肤干燥，佩戴绝缘防护手套和防护面罩。往容器注入液氮时动作缓慢，避免飞溅。转移液氮时须使用专用液氮罐，禁止用普通密封容器存放。液氮存储区须安装氧气浓度报警器并定期检测。禁止通过客用电梯运送液氮。,确认通风良好;佩戴绝缘手套和护目镜;缓慢注入液氮;检查氧气报警器状态;安全转移至专用液氮罐,绝缘防护手套;护目镜或防护面罩;实验服,禁止用密封容器存放;禁止在密闭空间大量使用;禁止通过客梯运送;禁止裸手接触,少量液氮可在通风良好处自然蒸发，容器按普通废物处理,冻伤部位用温水（37-40摄氏度）缓慢复温，禁止摩擦，立即就医；缺氧立即转移至通风处,大量泄漏立即疏散，启动应急预案，通知管理人员,遵守实验室特种设备管理规定,宁夏医科大学液氮罐安全使用及管理办法;中国地质大学（北京）液氮操作规程,SOP,液氮安全操作规程,宁夏医科大学/高校通用,2020,2020-12-03,http://www.nxmu.edu.cn/lnjbzdsys/info/1094/1283.htm,2026-03-15,,draft,液氮;低温;冻伤;窒息,zh-CN
KB-1030,机械安全-离心机操作规范,通用,机械安全,通用,3,机械;高速旋转,离心机安全使用,使用离心机有哪些安全规定？,使用离心机时，离心管必须配对平衡，用天平称量确认两侧质量相等；不对称放置可能导致机身剧烈振动乃至损坏。启动前先盖好盖子，从低速开始逐渐调至目标速度。离心过程中禁止打开盖子，必须等到转子完全停止后才能开盖取样。超速会导致离心管破裂，操作前确认所用离心管的最高转速额定值。出现异常振动或噪声立即停机并报告。,天平称量确认平衡;对称放置;盖好盖子;从低速启动;等待完全停止后再开盖,护目镜;实验服,禁止不平衡放置;禁止运转时开盖;禁止超过额定转速,离心管按内容物类型分类处置,离心管破裂造成暴露按相应物质的急救措施处理,异常振动立即切断电源，报告设备管理员检修,遵守实验室仪器设备安全操作规程,上海交通大学生命科学技术学院实验室常见危险设备操作注意事项;中国药科大学实验室安全手册,SOP,离心机安全操作SOP,上海交通大学/高校通用,2023,2023-01-01,https://life.sjtu.edu.cn/Data/View/6077,2026-03-15,,draft,离心机;机械;高速旋转;平衡,zh-CN
KB-1031,设备安全-高压灭菌锅操作,生物,高温高压设备,生物,3,高压;高温;蒸汽,高压灭菌器（高压锅）使用,高压灭菌锅使用时需要注意什么？,高压灭菌锅须由经过专项培训的人员操作，全程专人看管，不得擅自离开。操作前检查水位，防止干烧损坏电热管。有压力时联锁手柄不可强制打开，绝对禁止带压开门。液体灭菌结束后须慢速放汽，等液体温度降至安全值后方可开门；开门时操作人员须站在两侧，缓慢开盖，防止残余蒸汽喷出烫伤。灭菌结束后须在内容物上粘贴生物危害标识。,检查水位;放入待灭菌物;设置正确参数;全程看管;放汽降温后开门;贴生物危害标识,耐热手套;护目镜;实验服,禁止带压强制开门;禁止擅自离岗;禁止用于不耐高温物品,灭菌后废弃物按生物危废处理,蒸汽烫伤立即用凉水冷却20分钟，就医,异常升压或泄漏立即断电并疏散，联系维修人员,高压灭菌锅属特种设备，须定期检测,上海交通大学生命科学技术学院实验室常见危险设备操作注意事项,SOP,高压灭菌锅操作SOP,上海交通大学/高校通用,2023,2023-01-01,https://life.sjtu.edu.cn/Data/View/6077,2026-03-15,,draft,高压灭菌;灭菌锅;高温;蒸汽,zh-CN
KB-1032,消防-灭火器选择与使用,通用,消防设备,通用,4,火灾;消防,实验室初起火灾处置与灭火器选择,实验室起火了，应该选择哪种灭火器？如何使用？,灭火器选择须根据火灾类型：普通固体火灾（纸、木、布）可用干粉或水；化学试剂或有机溶剂火灾用干粉灭火器；电气火灾须先断电再灭火，使用干粉或二氧化碳灭火器，严禁用水或泡沫灭火器；锂电池火灾用干砂或专用锂电池灭火器，禁止直接用水喷。使用手提式干粉灭火器的步骤：拔出保险销→对准火焰根部→压下手柄→左右扫射。不能控制时立即撤离并拨打119。,判断火灾类型;选择对应灭火器;拔保险销;对准火焰根部;压手柄喷射;无法控制立即撤离报警,避免吸入灭火剂烟雾,禁止向电气火灾用水或泡沫;禁止背对出口扑救;禁止冒险进入浓烟区,使用过的灭火器送维修站检验充装,吸入烟雾不适及时转移至通风处；烧伤用凉水冷却并就医,无法控制立即撤离，拨打119，并到路口引导消防车,遵守《高等学校实验室消防安全管理规范》JY/T 0616—2023,教育部《高等学校实验室消防安全管理规范》JY/T 0616—2023;上海科技大学EHS消防规范,制度,高等学校实验室消防安全管理规范,教育部,JY/T 0616—2023,2023-06-26,https://sysglc.ntu.edu.cn/2024/0326/c8767a230277/page.htm,2026-03-15,,draft,灭火器;消防;火灾;干粉;二氧化碳,zh-CN
KB-1033,应急-火灾疏散逃生规范,通用,应急疏散,通用,4,火灾;疏散,火灾应急疏散,实验室发生火灾时如何正确疏散？,发现火情后立即停止实验，切断电源和气源，组织人员疏散。按照预先熟知的疏散路线（走道、疏散门、安全出口）迅速撤离，不得乘坐电梯。疏散时低姿前行，用湿布捂口鼻减少烟雾吸入。禁止返回烟雾区取财物。撤离后在集合点清点人员，拨打119并报告楼层、起火部位、火势大小。引导消防车进入，不得堵塞消防通道。灭火后实验室须经检查确认安全后方可重新进入。,停止实验;切断电源气源;按疏散图路线撤离;不乘电梯;低姿捂口鼻;集合点清点人员;拨打119,有条件时戴防烟面罩,禁止乘电梯;禁止返回取物;禁止堵塞疏散通道,火灾废弃物须由专业机构处理,吸入浓烟立即转移至空气新鲜处；烧伤立即用凉水冲洗,立即拨打119；保持疏散通道畅通；安全出口不得上锁,遵守《高等学校实验室消防安全管理规范》JY/T 0616—2023；疏散通道不得堵塞,教育部《高等学校实验室消防安全管理规范》JY/T 0616—2023,应急预案,实验室消防应急疏散预案,教育部,JY/T 0616—2023,2023-06-26,https://sysglc.ntu.edu.cn/2024/0326/c8767a230277/page.htm,2026-03-15,,draft,疏散;逃生;消防;应急,zh-CN
KB-1034,生物安全-生物安全柜操作规范,生物,生物安全柜,生物,4,生物污染;气溶胶,生物安全柜内操作感染性材料,生物安全柜如何正确使用？,生物安全柜是防止气溶胶暴露的核心防护设备，使用前须提前开机运行至少15分钟，等待内部气流稳定。操作时前臂缓慢移入，避免破坏气流屏障。柜内物品从清洁区到污染区依次摆放，减少交叉污染。操作感染性材料时穿戴手套、口罩、护目镜和实验服，禁止在柜外进行高风险操作。结束后用70%乙醇擦拭台面，关闭前窗，紫外灯照射仅作为补充消毒措施，不替代其他消毒手段。定期请专业机构检测性能。,提前开机15分钟;检查气流指示;按清洁到污染顺序摆放;操作中不急速进出;结束后乙醇消毒台面;紫外补充消毒,双层手套;口罩或N95;护目镜;实验服,禁止在柜外操作感染性材料;禁止在柜内使用酒精灯明火;禁止用紫外灯代替常规消毒,污染材料按生物危废处理,皮肤暴露立即脱除手套清洗，报告并就医,气溶胶意外释放立即关闭前窗，疏散人员，通知生物安全负责人,遵守《病原微生物实验室生物安全管理条例》,实验室生物安全管理制度;高校生物安全SOP,SOP,生物安全柜操作规程,高校通用/教育部,2021,2021-01-01,https://life.sjtu.edu.cn/Data/View/6077,2026-03-15,,draft,生物安全柜;气溶胶;生物安全;BSL,zh-CN
KB-1035,管理-实验室安全分级分类,通用,安全管理,通用,2,管理;综合,了解实验室安全分级分类制度,高校实验室是如何进行安全分级分类管理的？,根据教育部2024年发布的《高等学校实验室安全分级分类管理办法（试行）》，实验室按危险源类别分为：化学类、生物类、辐射类、机电类、其他类。安全等级分为四级：I级（红）重大风险、II级（橙）高风险、III级（黄）中风险、IV级（蓝）低风险。各实验室门外须设安全信息牌，标明安全类别、等级及主要危险源。高风险实验室须安装监控和报警装置，并配备足够的个体防护设备。,按危险源类别判定分类;评估风险等级;设置安全信息牌;安装相应防护设施;落实对应管理措施,根据分级配备相应PPE,禁止降低风险等级标准；禁止不设安全信息牌,,,高风险实验室须制定对应应急预案,依据教育部《高等学校实验室安全分级分类管理办法（试行）》（2024年）,教育部《高等学校实验室安全分级分类管理办法（试行）》2024年4月,制度,高等学校实验室安全分级分类管理办法（试行）,教育部,2024,2024-04-22,https://www.edu.cn/ke_yan_yu_fa_zhan/gai_kuang/xin_wen_gong_gao/202404/t20240422_2600021.shtml,2026-03-15,,draft,分级;分类;管理;教育部;红橙黄蓝,zh-CN
KB-1036,危化品-实验室储存量上限规定,化学,储存规范,化学,4,危化品;易燃;储存,危化品在实验室内的储存量控制,实验室内危化品储存量有上限要求吗？,有严格限制。根据中山大学等高校规定，实验室（除专用储存间外）其余区域暂存危化品总量：液体不超过0.2L每平方米，固体不超过0.2kg每平方米。实验台试剂架仅放当天用量，用完后放回安全柜或试剂柜。气体存储须严格分类：易燃气体不得与助燃气体或剧毒气体同存；氧气不得与油脂混合存放；易燃液体不得与氧化剂混放；氧化剂须单独存放。危化品须存放于专用安全柜，贴有完整标签。,评估当日用量;当日未用完的放回安全柜;气体按类别分区存放;定期盘点并记录,护目镜;实验服;手套,禁止超量储存;禁止易燃气体与助燃气体同存;禁止无标签存放,过期或废弃危化品按危废分类处置,泄漏暴露按对应MSDS急救措施处理,大量泄漏按化学品泄漏应急预案处理,遵守《危险化学品安全管理条例》,中山大学实验室化学品安全管理实施细则;高等学校实验室安全规范,制度,实验室化学品安全管理实施细则,中山大学设备与实验室管理处,2023,2023-01-01,https://sbc.sysu.edu.cn/article/670,2026-03-15,,draft,危化品;储存量;易燃;安全柜,zh-CN
KB-1037,应急-眼部化学灼伤处置,化学,灼伤应急,化学,4,腐蚀性;化学灼伤,化学品溅入眼睛的急救处置,化学品溅入眼睛怎么紧急处理？,化学品溅入眼睛是高优先级紧急情况，必须立即处置。第一步：用大量清水持续冲洗眼睛至少15分钟，冲洗时用手指撑开眼睑，使水流能冲洗眼球各部位；如实验室有洗眼器应立即使用。第二步：冲洗的同时呼叫他人协助，摘除隐形眼镜（若有）。第三步：冲洗后立即就医，并告知医生所接触的化学品种类。禁止揉眼睛，禁止用有色液体中和冲洗。酸、碱或有机溶剂溅入处置原则相同，均以大量清水冲洗为优先。,立即用清水冲洗眼睛15分钟以上;撑开眼睑充分冲洗;摘除隐形眼镜;呼叫他人协助;告知化学品种类后立即就医,操作化学品时佩戴护目镜可预防此类事故,禁止揉搓眼睛;禁止用有色液体冲洗;禁止延误就医,,洗眼器冲洗至少15分钟，立即就医,立即启用洗眼器，呼叫他人协助并拨打急救电话,实验室应配备可用洗眼器，定期检查有效性,高校实验室化学灼伤急救标准操作;GBZ/T 256消毒冲洗规范,应急预案,化学灼伤（眼部）急救规程,高校通用/教育部,2023,2023-01-01,https://sbc.sysu.edu.cn/article/570,2026-03-15,,draft,眼部灼伤;化学灼伤;洗眼器;急救,zh-CN
KB-1038,危化品-丙酮储存与使用,危化品,MSDS,化学,3,易燃;挥发性;麻醉性,丙酮（acetone）的安全使用与储存,丙酮应如何安全储存和使用？,丙酮（CAS 67-64-1）是极易燃液体，沸点56°C，蒸气与空气可形成爆炸性混合物，闪点-18°C。储存于防火安全柜，远离热源、明火和氧化剂，容器密闭并在阴凉通风处存放。使用时必须在通风柜内操作，避免明火和静电；大量使用须做好防静电接地。吸入高浓度蒸气会引起头痛、眩晕，皮肤长期接触可致脱脂。废液收入有机废液桶，不得倒入下水道。,确认通风柜开启;确认无明火和热源;防静电接地;密闭操作;废液入有机废液桶,护目镜;实验服;丁腈手套;通风柜内操作,禁止明火加热;禁止与强氧化剂接触;禁止倒入下水道,有机废液桶，标注（含酮类）,皮肤接触：大量清水冲洗。眼部：大量清水冲洗15分钟，就医。吸入：移至通风处，不适就医,大量泄漏立即切断火源，撤离人员，按化学品泄漏应急预案处理,遵守《危险化学品安全管理条例》,丙酮MSDS（GB/T 16483）;高校实验室危化品管理制度,MSDS,丙酮安全技术说明书,高校通用,2023,2023-01-01,,2026-03-15,,draft,丙酮;acetone;易燃;有机溶剂,zh-CN
KB-1039,危化品-甲醇储存与使用,危化品,MSDS,化学,4,易燃;有毒;神经毒性,甲醇（methanol）的安全使用与储存,甲醇有什么特别的危险性需要注意？,甲醇（CAS 67-56-1）是高毒易燃液体，对人体神经和视神经有严重损害：少量摄入（10mL）即可导致失明，摄入30mL可致死。蒸气吸入亦有毒性。储存于防火安全柜，远离热源和氧化剂。使用时须在通风柜内操作，严格佩戴PPE。甲醇容易与乙醇混淆，使用前务必确认标签。皮肤吸收也有危险，接触后立即冲洗。废液入有机废液桶并明确标注（甲醇）。,核对标签确认为甲醇;确认通风柜开启;佩戴防护手套;在通风柜内操作;废液专桶收集,护目镜;防渗透手套（丁腈或氯丁橡胶）;实验服;通风柜内操作,禁止明火;禁止误食或吸入蒸气;禁止与乙醇混用不贴标签,有机废液桶，标注（含甲醇/高毒）,皮肤：大量清水冲洗。眼部：冲洗15分钟就医。吸入：移至通风处就医。误食：立即就医（视为中毒急救）,误食立即拨打120，告知甲醇摄入；大量泄漏按应急预案处理,甲醇属高毒物质，需进行双人双锁管理（部分单位要求），遵守《危险化学品安全管理条例》,甲醇MSDS（GB/T 16483）;高校实验室高毒化学品管理,MSDS,甲醇安全技术说明书,高校通用,2023,2023-01-01,,2026-03-15,,draft,甲醇;methanol;高毒;易燃;失明,zh-CN
KB-1040,危化品-氢氧化钠（NaOH）使用,危化品,MSDS,化学,3,腐蚀性;强碱,NaOH（烧碱/强碱）的安全使用与配制,配制NaOH溶液有什么安全注意事项？,氢氧化钠（NaOH，CAS 1310-73-2）为强腐蚀性固体，溶于水时大量放热。配制溶液时须先加水后缓慢加入NaOH固体，绝不能将水加入NaOH（防止剧烈飞溅）。操作时佩戴防碱护目镜、防化手套和实验服，在通风柜内或开阔通风处进行。NaOH对眼部腐蚀危险尤为严重，接触立即用大量清水冲洗至少15分钟并就医。避免皮肤接触，接触后立即用流水冲洗。储存于密闭容器，防止吸潮和CO2。,佩戴PPE;先加水再加NaOH;缓慢添加并搅拌控温;容器做好标识;废液按碱性废液处理,防碱护目镜或面罩;丁腈手套;实验服,禁止将水加入NaOH;禁止徒手操作;禁止与酸剧烈混合,稀释后按无机碱废液处理，pH调至中性后可按规定排放,皮肤：大量清水冲洗20分钟。眼部：用洗眼器大量清水冲洗至少15分钟，立即就医,大量溅洒启动应急预案，佩戴PPE处理,遵守《危险化学品安全管理条例》,NaOH MSDS（GB/T 16483）;高校实验室化学品安全管理细则,MSDS,氢氧化钠安全技术说明书,高校通用,2023,2023-01-01,,2026-03-15,,draft,NaOH;氢氧化钠;强碱;腐蚀性;烧碱,zh-CN
KB-1041,危化品-浓硫酸使用,危化品,MSDS,化学,4,腐蚀性;强酸;氧化性;放热,浓硫酸的安全使用与稀释,稀释浓硫酸时为什么要将酸缓慢加入水中，而不是相反？,浓硫酸（H2SO4 >98%，CAS 7664-93-9）稀释时产生大量热，若将水加入浓硫酸，会使溶液局部剧烈沸腾，导致酸液飞溅，造成严重灼伤。正确操作：必须将浓硫酸缓慢地沿容器壁倒入水中（酸入水），同时搅拌散热。操作前确认通风良好，佩戴防酸护目镜和防化手套。浓硫酸有强腐蚀性，接触皮肤应立即用大量清水冲洗（不少于20分钟），眼部接触用洗眼器冲洗后立即就医。储存于阴凉干燥处，远离有机物和还原剂。,佩戴防酸PPE;先在容器中加水;将浓硫酸缓慢沿壁倒入水中;搅拌控温;标识清楚,防酸护目镜或面罩;耐酸手套（厚丁腈或氯丁橡胶）;实验服,禁止将水加入浓硫酸;禁止快速混合;禁止与有机物同存,酸性废液桶；需中和后处理,皮肤：立即大量清水冲洗20分钟。眼部：洗眼器冲洗至少15分钟，立即就医,大量泄漏立即隔离，佩戴防酸PPE用沙土吸附，按应急预案处理,遵守《危险化学品安全管理条例》；浓硫酸属管控化学品，购买需审批,浓硫酸MSDS（GB/T 16483）;配酸SOP;高校化学品安全细则,MSDS,硫酸安全技术说明书,高校通用,2023,2023-01-01,,2026-03-15,,draft,浓硫酸;H2SO4;强酸;腐蚀性;稀释,zh-CN
KB-1042,危化品-氯仿使用,危化品,MSDS,化学,4,有毒;致癌嫌疑;麻醉性;挥发性,氯仿（三氯甲烷）的安全使用,使用氯仿（三氯甲烷）有哪些特殊风险？,氯仿（CHCl3，CAS 67-66-3）是常见有机溶剂，但具有潜在致癌性（IARC 2B类），长期暴露有肝肾损伤风险，吸入高浓度会引起麻醉。所有操作必须在通风柜内进行，不得在柜外开盖、倾倒或转移。氯仿会缓慢氧化生成光气（剧毒），因此须在阴凉避光处储存，避免与铝、镁、强碱接触。接触后皮肤立即清洗，不适立即就医并说明接触的化学品。废液入卤代烃废液桶（不得与非卤代废液混合）。,确认通风柜开启;避光操作;密闭容器;废液入卤代烃废液桶,护目镜;丁腈手套;实验服;通风柜内操作,禁止在柜外操作;禁止与铝/镁/强碱接触;禁止混入非卤代废液,卤代烃废液桶，标注（含氯仿）,皮肤：清水冲洗。眼部：清水冲洗15分钟就医。吸入：移至通风处，有不适立即就医,大量泄漏立即撤离，通风，按应急预案处理,氯仿属IARC 2B类可疑致癌物；遵守危化品管理条例,氯仿MSDS（GB/T 16483）;IARC致癌物分类,MSDS,三氯甲烷安全技术说明书,高校通用,2023,2023-01-01,,2026-03-15,,draft,氯仿;三氯甲烷;chloroform;致癌;卤代烃,zh-CN
KB-1043,危化品-甲苯储存与使用,危化品,MSDS,化学,3,易燃;挥发性;神经毒性,甲苯（toluene）的安全使用与储存,使用甲苯时需要注意哪些安全事项？,甲苯（CAS 108-88-3）是常见有机溶剂，易燃（闪点4°C），具有神经毒性，长期吸入可损害中枢神经系统，引起头痛、眩晕、疲劳，大剂量暴露可致麻醉。与苯相比，甲苯无已知致癌性，但仍需严格防护。所有操作必须在通风柜内进行，严格佩戴PPE，避免明火和热源（沸点110.6°C，蒸气比空气重，可沿地面扩散至远处火源）。注意甲苯是良好的脂溶性溶剂，可经皮肤吸收，接触后立即冲洗。储存于防火安全柜，远离氧化剂和酸类，容器密闭阴凉存放。废液收入有机废液桶（非卤代）。,确认通风柜开启;确认无明火和热源;防静电操作;密闭操作;废液入有机废液桶,护目镜;丁腈手套;实验服;通风柜内操作,禁止明火加热;禁止在柜外长时间敞口操作;禁止倒入下水道,有机废液桶（非卤代，标注含甲苯）,皮肤接触：大量清水冲洗。眼部：大量清水冲洗15分钟，就医。吸入：移至通风处，不适就医,大量泄漏立即切断火源，撤离人员，通风，按化学品泄漏应急预案处理,遵守《危险化学品安全管理条例》,甲苯MSDS（GB/T 16483）;高校实验室危化品管理制度,MSDS,甲苯安全技术说明书,高校通用,2023,2023-01-01,,2026-03-15,,draft,甲苯;toluene;易燃;有机溶剂;神经毒性,zh-CN
